symbol,short_interest,market_date,short_shares_available,total_float,si_float,si_float_with_synth_long_pct_of_total_shares,days_to_cover,fee_rate,rebate_rate
KNSL,2364344,2026-08-31,150000.0,22778425,0.1037975189241573989422007887,0.09403673875379438119962045549,13.27,0.2782,3.3518
KNSL,2279087,2026-08-14,200000.0,22778425,0.1000546350329313813400180214,0.09095424158631551288890932188,9.21,0.2782,3.3518
KNSL,2507392,2026-07-31,150000.0,22778425,0.1100774965784508806030267677,0.09916199266964559618540306607,6.90,0.2593,3.3707
KNSL,2683617,2026-07-15,250000.0,22778425,0.1178139840660625131017618646,0.1053967706125062553898858544,9.38,0.4027,3.2173
KNSL,2527097,2026-06-30,150000.0,23062819,0.1095745060480247449368613611,0.09875362623308337549837990871,6.07,0.2500,3.3700
KNSL,2583021,2026-06-15,200000.0,23062819,0.1119993613963670269449714712,0.1007189080178305721317765376,9.20,0.2500,3.3700
KNSL,2759556,2026-05-29,150000.0,23062819,0.1196538896654394243825960738,0.1068668548109924048426994031,9.71,0.3629,3.2571
KNSL,2368668,2026-05-15,250000.0,23062819,0.1027050509306776417921850750,0.09313918608062517146559302647,6.17,0.2782,3.3518
KNSL,2267009,2026-04-30,150000.0,23062819,0.09829713358111165855310228988,0.08949958128416821464401574302,8.21,0.2500,3.3900
KNSL,2229594,2026-04-15,200000.0,23062819,0.09667482539753704870163530313,0.08815268041052468975577775043,8.80,0.2500,3.3800
KNSL,2193827,2026-03-31,150000.0,23153066,0.09475319596981237819647730456,0.08655210719515011169219043928,7.96,0.2891,3.3510
KNSL,2184762,2026-03-13,100000.0,23153066,0.09436167114973023443201863632,0.08622530707841256164498393469,11.52,0.2512,3.3888
KNSL,2396049,2026-02-27,100000.0,23153066,0.1034873307923883601420217953,0.09378207425188700273962522772,7.77,0.2531,3.3869
KNSL,1727259,2026-02-13,150000.0,23153066,0.07460173957090607351959347414,0.06942268639979582260279960169,6.24,0.2500,3.3800
KNSL,1636742,2026-01-30,100000.0,23153066,0.07069223574968429667155097299,0.06602479535137988967078728484,8.33,0.2506,3.3894
KNSL,1558134,2026-01-15,100000.0,23153066,0.06729709145216447791406978238,0.06305375700087409757518857846,6.39,0.2500,3.3800
KNSL,1662362,2025-12-31,100000.0,23263426,0.07145817645259988790988911092,0.06669245521946989198495951261,7.67,0.2500,3.3900
KNSL,1718825,2025-12-15,200000.0,23263426,0.07388529101431577618876944436,0.06880184655898301558174241384,6.00,0.2500,3.3900
KNSL,1668628,2025-11-28,100000.0,23263426,0.07172752628954995708714614950,0.06692701692367584315355646189,7.62,0.4081,3.4719
KNSL,1458116,2025-11-14,150000.0,23263426,0.06267847220783387623129972344,0.05898159588912374478905887020,6.89,0.2674,3.6026
KNSL,1417627,2025-10-31,150000.0,23263426,0.06093801489084195939153588126,0.05743786539415477937671459966,3.92,0.4081,3.4619
KNSL,1314203,2025-10-15,150000.0,23263426,0.05649223807361821943165207051,0.05347151265079312573234790061,5.26,0.3355,3.7645
KNSL,1380721,2025-09-30,300000.0,23263426,0.05935157616079420116366351199,0.05602632543946438884656872076,6.40,0.2500,3.8400
KNSL,1481273,2025-09-15,250000.0,23300001,0.06357394576935855067130683814,0.05977388410297226849596191059,7.78,0.2500,4.0800
KNSL,1651425,2025-08-29,300000.0,23300001,0.07087660640014564806241853809,0.06618559596553720015841980334,9.03,0.4081,3.9219
KNSL,1470104,2025-08-15,300000.0,23300001,0.06309458956675581258558744268,0.05934993008709490734899993359,7.98,0.3594,3.9706
KNSL,1516267,2025-07-31,250000.0,23300001,0.06507583411691699069025791029,0.06109971894242921618996055330,6.38,0.2500,4.0800
KNSL,1707570,2025-07-15,250000.0,23300001,0.07328626294908742707779282928,0.06828212144234240102727290067,7.08,0.2500,4.0800
KNSL,1681037,2025-06-30,150000.0,23300001,0.07214750763315417883458459937,0.06729252003059280403000067491,6.87,0.2500,4.0800
KNSL,1679827,2025-06-13,200000.0,23311435,0.07206021422533619230218989093,0.06721657353678257624604951923,7.50,0.2500,4.0800
KNSL,1728991,2025-05-30,150000.0,23311435,0.07416922210065575113672753308,0.06904798664367770740002586218,12.29,0.2600,4.0700
KNSL,1576411,2025-05-15,250000.0,23311435,0.06762393649297008099243997635,0.06334059604836834814873091066,9.52,0.2500,4.0800
KNSL,1463287,2025-04-30,200000.0,23311435,0.06277121078131826719376134502,0.05906371018007790359867610220,5.42,0.2500,4.0800
KNSL,1385153,2025-04-15,100000.0,23311435,0.05941946516806022452071268886,0.05608681652704414067238761889,6.54,0.2582,4.0718
KNSL,1476957,2025-03-31,150000.0,23311435,0.06335761826760128666467765712,0.05958260624569758296544608460,9.14,0.3004,4.0296
KNSL,1479473,2025-03-14,200000.0,23277395,0.06355835779733943596351739531,0.05976010374171724791682049603,8.44,0.2500,4.0800
KNSL,1537159,2025-02-28,100000.0,23277395,0.06603655606651861172609735754,0.06194586451160879216285732961,7.82,0.2517,4.0783
KNSL,1370008,2025-02-14,150000.0,23277395,0.05885572676839483112264065631,0.05558427392938720562162269185,5.23,0.2700,4.0600
KNSL,1358329,2025-01-31,200000.0,23277395,0.05835399536760878955742255523,0.05513655697717672109007228690,8.66,0.2500,4.0800
KNSL,1342758,2025-01-15,250000.0,23277395,0.05768506312669437452086025949,0.05453897869765472212946848868,5.21,0.2500,4.0800
KNSL,1281315,2024-12-31,250000.0,23277395,0.05504546363542827709028437246,0.05217354657471829750015371329,10.52,0.2500,4.0800
KNSL,1261204,2024-12-13,300000.0,23287978,0.05415687012414731755586509056,0.05137458347899331228225852902,6.59,0.2500,4.3300
KNSL,1220988,2024-11-29,300000.0,23287978,0.05242997051955305007588035337,0.04981801353839243973001553799,9.73,0.2500,4.3300
KNSL,1212345,2024-11-15,300000.0,23287978,0.05205883482026649114835130813,0.04948281702245313255666057954,10.55,0.4081,4.1719
KNSL,1201756,2024-10-31,300000.0,23287978,0.05160413669233112466870245240,0.04907182740327028460170290131,6.20,0.2500,4.5800
KNSL,1199297,2024-10-15,350000.0,23287978,0.05149854573033347936003718313,0.04897633566821951401289036857,7.98,0.4081,4.4219
KNSL,1170864,2024-09-30,350000.0,23287978,0.05027761534298941711470184316,0.04787078636020462456889823320,6.79,0.2500,4.5800
KNSL,1260326,2024-09-13,350000.0,23286423,0.05412278218943287253692849262,0.05134390708928502100217018555,11.23,0.2500,5.0800
KNSL,1297989,2024-08-30,300000.0,23286423,0.05574016241137593352143435684,0.05279723590704548882438188882,12.75,0.2500,5.0700
KNSL,1391199,2024-08-15,400000.0,23286423,0.05974292402057628172433353117,0.05637492137613583675120722734,9.01,0.2500,5.0700
KNSL,1331292,2024-07-31,450000.0,23286423,0.05717030906807799549119244291,0.05407861777585775121695900696,5.45,0.2500,5.0700
KNSL,1369936,2024-07-15,500000.0,23286423,0.05882981684220028125401655720,0.05556116375495668277704749513,10.26,0.2500,5.0700
KNSL,1369398,2024-06-28,450000.0,23276419,0.05883198785861347486484067846,0.05556310022102330793091582235,8.94,0.2500,5.0700
KNSL,1328501,2024-06-14,450000.0,23276419,0.05707497360311309054885117853,0.05399330702965098037303108484,11.13,0.2500,5.0700
KNSL,1363014,2024-05-31,400000.0,23276419,0.05855771886560385426985138908,0.05531839957518502962304367962,9.17,0.2500,5.0700
KNSL,1288883,2024-05-15,400000.0,23276419,0.05537290766247161988276633102,0.05246762282832916118841119885,5.65,0.2500,5.0700
KNSL,1118583,2024-04-30,,23276419,0.04805649013278202287044239924,0.04585295791326436456123266561,3.61,,
KNSL,1120642,2024-04-15,,23276419,0.04814494875693722475093784830,0.04593348354541557280198627203,5.50,,
KNSL,947038,2024-03-28,,23189095,0.04083979991457191408289111757,0.03923735421908720837758061741,8.11,,
KNSL,973693,2024-03-15,,23189095,0.04198926262538490613799287984,0.04029721239121909276363307082,5.14,,
KNSL,1102536,2024-02-29,,23189095,0.04754545186002299787895991629,0.04538748345057604407048666267,5.39,,
KNSL,1183144,2024-02-15,,23189095,0.05102156854331745158661862397,0.04854473977544697473219428055,6.84,,
KNSL,1081588,2024-01-31,,23189095,0.04664209620944672485062483034,0.04456355842973187033920718259,6.53,,
KNSL,963433,2024-01-12,,23189095,0.04154681327580916805938308502,0.03988953040443633892071256475,4.02,,
KNSL,949299,2023-12-29,450000.0,23173468,0.04096490866192319595841243961,0.03935282382821174701890541827,6.41,0.2500,5.0700
KNSL,853937,2023-12-15,550000.0,23173468,0.03684977147140859538158034870,0.03554012595201187976812310776,3.18,0.4081,4.9119
KNSL,819013,2023-11-30,500000.0,23173468,0.03534270312928561232181562121,0.03413623626501986184755132243,5.37,0.2500,5.0700
KNSL,717091,2023-11-15,550000.0,23173468,0.03094448357923811835155618486,0.03001566434674048438967041332,3.41,0.2500,5.0700
KNSL,584903,2023-10-31,650000.0,23173468,0.02524020142345547934387723063,0.02461881751067865721938595874,2.65,0.2500,5.0700
KNSL,561231,2023-10-13,650000.0,23173468,0.02421868837240934330588757798,0.02364601295344002466599639625,5.19,0.2500,5.0700
KNSL,575748,2023-09-29,650000.0,23162175,0.02485725110012336924317340664,0.02425435451955927230870198711,4.39,0.2500,5.0700
KNSL,638629,2023-09-15,600000.0,23162175,0.02757206523135240969382193166,0.02683224482668736736792589023,4.89,0.2500,5.0700
KNSL,644981,2023-08-31,650000.0,23162175,0.02784630545274785291105002013,0.02709189623489676801378543493,6.11,0.2500,5.0700
KNSL,566164,2023-08-15,700000.0,23162175,0.02444347303308087431340105150,0.02386024575930072475785178221,6.34,0.2585,5.0515
KNSL,583372,2023-07-31,700000.0,23162175,0.02518640844393931053538797630,0.02456763788174683868095352783,4.61,0.2500,5.0700
KNSL,654731,2023-07-14,750000.0,23162175,0.02826725037696157636318696323,0.02749017861514001860695087767,5.16,0.2500,4.8200
KNSL,656115,2023-06-30,650000.0,23162175,0.02832700296928073464603388930,0.02754668786046353453585458906,1.50,0.2500,4.8100
KNSL,1028523,2023-06-15,500000.0,23154606,0.04441980139934145284095959137,0.04253060056868571473939538593,5.49,0.2500,4.8100
KNSL,1014204,2023-05-31,550000.0,23154606,0.04380139312238783074089017105,0.04196334035477956920510360254,6.37,0.2500,4.8200
KNSL,1002070,2023-05-15,500000.0,23154606,0.04327735051937398546103526875,0.04148211450946313971342745997,8.06,0.2500,4.8200
KNSL,951382,2023-04-28,500000.0,23154606,0.04108823963577700264042497635,0.03946662547081662863185694774,6.04,0.2879,4.5321
KNSL,974664,2023-04-14,550000.0,23154606,0.04209374152166527903778626162,0.04039343088290694248106138313,8.91,0.2596,4.5604
KNSL,957831,2023-03-31,550000.0,23154606,0.04136675873474158877935560640,0.03972352524964606439407182277,7.02,0.2540,4.5660
KNSL,927865,2023-03-15,500000.0,23096966,0.04017259236559468460056615228,0.03862108332832809521115882147,5.40,0.2651,4.2949
KNSL,945350,2023-02-28,600000.0,23096966,0.04092961820180191632095747987,0.03932025517009259840025395224,4.43,0.2500,4.3200
KNSL,1009769,2023-02-15,600000.0,23096966,0.04371868582219846537419676680,0.04188742274721151578594114881,5.86,0.2500,4.3200
KNSL,928518,2023-01-31,600000.0,23096966,0.04020086447717851773258877378,0.03864721310088903932174685846,6.04,0.2500,4.0700
KNSL,872828,2023-01-13,600000.0,23096966,0.03778972528253277941353855740,0.03641366296264373402624987098,5.32,0.3230,3.9970
KNSL,855638,2022-12-30,650000.0,22925235,0.03732297618759415116137304590,0.03598009206810868549695379139,5.37,0.2500,4.0700
KNSL,778337,2022-12-15,550000.0,22925235,0.03395110235511217224163678148,0.03283627463405093544551006912,5.89,0.2500,3.5700
KNSL,676060,2022-11-30,550000.0,22925235,0.02948977404157471013928537701,0.02864503833370160408570800882,6.01,0.2500,3.5700
KNSL,691055,2022-11-15,600000.0,22925235,0.03014385675872024866920666244,0.02926179344850524786069276758,3.39,0.2560,3.5640
KNSL,708971,2022-10-31,600000.0,22925235,0.03092535365504432124687053372,0.02999766524841156076916652076,3.99,0.2500,2.8200
KNSL,885893,2022-10-14,600000.0,22925235,0.03864270093632627975242129470,0.03720499927596878232732191436,5.41,0.2573,2.8127
KNSL,761512,2022-09-30,600000.0,22925235,0.03321719493824163634527628615,0.03214928584326079051716134765,3.68,0.2500,2.8200
KNSL,631452,2022-09-15,600000.0,22903808,0.02756973862163008002861358251,0.02683004139321171722768305938,5.49,0.2500,2.0700
KNSL,657306,2022-08-31,550000.0,22903808,0.02869854654736889167076496624,0.02789791688117972690085876245,5.54,0.2524,2.0676
KNSL,790727,2022-08-15,550000.0,22903808,0.03452382241415925247015692762,0.03337170364389932108817497368,6.33,0.2515,2.0685
KNSL,817610,2022-07-29,500000.0,22903808,0.03569755736687977824473554791,0.03446716380951594040457446515,9.19,0.2500,2.0700
KNSL,833621,2022-07-15,500000.0,22903808,0.03639661142810837394375642688,0.03511841994345722950872227991,7.92,0.2500,1.3200
KNSL,797718,2022-06-30,500000.0,22903808,0.03482905550029060669736665623,0.03365682024018200347100013729,7.36,0.2500,1.3200
KNSL,779745,2022-06-15,500000.0,22908023,0.03403807478279552975828599439,0.03291762229349763979451335390,8.87,0.2500,0.5700
KNSL,808863,2022-05-31,500000.0,22908023,0.03530915784395711493741734064,0.03410494109555529338885383182,9.56,0.2500,0.5700
KNSL,721396,2022-05-13,500000.0,22908023,0.03149097589084837220566785706,0.03052956993991261486370020355,6.22,0.2500,0.5700
KNSL,678997,2022-04-29,500000.0,22908023,0.02964013961396843367932710736,0.02878689211269588103965655687,6.02,0.2500,0.0700
KNSL,598606,2022-04-14,550000.0,22908023,0.02613084507554405720650795575,0.02546541233113433661627960351,5.64,0.2500,0.0700
KNSL,594454,2022-03-31,500000.0,22908023,0.02594959853148392595904063830,0.02529324887755448074685915021,5.92,0.2500,0.0700
KNSL,646462,2022-03-15,500000.0,22840083,0.02830383759988963262524045994,0.02752478067761775944482255692,6.49,0.3279,-0.2579
KNSL,607008,2022-02-28,550000.0,22840083,0.02657643582118331181195795129,0.02588841404675744210657091748,4.67,0.2500,-0.1800
KNSL,606912,2022-02-15,400000.0,22840083,0.02657223268409313573860480279,0.02588442570145982459585972531,7.38,0.2500,-0.1800
KNSL,557581,2022-01-31,650000.0,22840083,0.02441238939455692871168638047,0.02383062685232166766733636315,3.62,0.3315,-0.2615
KNSL,544665,2022-01-14,700000.0,22840083,0.02384689232521615617596485967,0.02329146330762255808786137015,4.60,0.2500,-0.1800
KNSL,617838,2021-12-31,750000.0,22840083,0.02705060222416880008711001619,0.02633813968424567547993703278,4.26,0.2500,-0.1800
KNSL,618018,2021-12-15,,22818845,0.02708366703047415414759160685,0.02636948468743449155290108578,6.16,,
KNSL,569735,2021-11-30,,22818845,0.02496774047941515006565845029,0.02435953785992993161619901679,4.42,,
KNSL,580599,2021-11-15,,22818845,0.02544383819601737073020128758,0.02481251263918920466657241941,5.26,,
KNSL,628415,2021-10-29,,22818845,0.02753929920642346271250801695,0.02680121259371030986136546445,5.01,,
KNSL,616789,2021-10-15,,22818845,0.02702980803804925271195803293,0.02631842603447382733490376236,7.12,,
KNSL,641826,2021-09-30,,22818845,0.02812701519292497056709049034,0.02735752954380546063665442476,6.64,,
KNSL,647149,2021-09-15,,22805592,0.02837676829437271349939085116,0.02759374693132883700033185886,6.40,,
KNSL,638218,2021-08-31,,22805592,0.02798515381666040504451715176,0.02722330542689093624287178577,8.22,,
KNSL,696633,2021-08-13,,22805592,0.03054658699497912617221249946,0.02964115099740556479226966808,6.08,,
KNSL,699842,2021-07-30,,22805592,0.03068729809776479382775943725,0.02977362596240511874828603463,5.30,,
KNSL,597229,2021-07-15,,22805592,0.02618783147571876231057716020,0.02551953031645202089098574911,5.84,,
KNSL,572287,2021-06-30,,22805592,0.02509415234649466674664705043,0.02447985123030194484281486785,5.32,,
KNSL,632490,2021-06-15,,22812216,0.02772593420998643884487153725,0.02697794546879794525894246658,7.28,,
