date,call_gamma,put_gamma,call_delta,put_delta,call_charm,put_charm,call_vanna,put_vanna
2025-09-29,3385.6839,-535.5435,73542.9506,-7314.6632,-12192.5829,-874.9900,33397.2967,-5496.7782
2025-09-30,3306.4758,-578.0923,72655.4782,-8318.5679,-12502.5961,-994.4719,35509.1113,-2132.5813
2025-10-01,4820.7758,-590.4864,87074.2182,-7546.7758,-16677.5111,-961.1073,59400.0122,-4749.9215
2025-10-02,4704.7505,-618.5133,87465.0063,-8272.6987,-19629.8906,-1000.1174,74848.8001,-4347.1885
2025-10-03,5479.5573,-598.0819,97855.2529,-7803.3616,-15315.8605,-1008.6733,57910.0647,-3935.2217
2025-10-06,5628.3400,-604.8920,104465.8094,-7413.0165,-14922.6430,-994.7078,49084.1231,-4457.9797
2025-10-07,5346.9422,-680.4838,94632.6502,-9347.3612,-16971.7829,-1197.2043,67481.4194,-2522.9993
2025-10-08,5311.9943,-783.1294,90855.7644,-10589.5119,-18435.2226,-1478.1742,79819.8033,-2411.6124
2025-10-09,5283.2352,-721.5555,94724.2262,-10707.2061,-18103.4368,-1440.1099,72442.5984,-1886.0254
2025-10-10,5228.4994,-787.6703,84631.0611,-12160.7811,-20063.2230,-2001.6593,85258.4624,-847.3417
2025-10-13,5147.5325,-788.6498,88227.7457,-12040.0790,-25219.6317,-2951.6229,83934.5677,-3800.4953
2025-10-14,5287.1690,-777.5525,91929.7590,-12034.6788,-25579.6370,-3119.4432,73401.3759,-1572.5030
2025-10-15,5558.2950,-781.7552,89957.8686,-10250.0414,-29737.8152,-3095.3071,74270.3696,-3732.6542
2025-10-16,5182.7163,-823.7764,87589.1541,-11347.7663,-50487.2019,-7666.8867,79979.6831,-1965.7710
2025-10-17,5260.9553,-738.2005,70276.2162,-13026.0080,-155423.7781,-11265.0036,126621.2512,527.9367
2025-10-20,6390.1271,-717.6497,84099.5725,-13355.6451,-26612.9775,-1249.2350,182385.3874,1214.5246
2025-10-21,6360.4149,-758.7680,84354.4059,-13039.0061,-27069.5425,-1295.5323,185319.5472,-1309.1173
2025-10-22,6117.4922,-775.1834,82930.6714,-13170.8980,-29194.6573,-1264.9454,213874.4664,172.6883
2025-10-23,6975.4865,-778.4693,95539.0939,-12993.0717,-26397.7510,-1338.3968,163064.0398,1510.9784
2025-10-24,7172.3428,-704.8897,99786.3908,-11869.7592,-27360.2973,-1140.3176,169298.0125,585.9035
2025-10-27,7556.2579,-761.9465,111000.9872,-11728.8889,-25833.9069,-1159.5972,138006.2492,-139.1300
2025-10-28,7710.4885,-725.3982,113633.9243,-10673.7321,-26074.2856,-1003.6698,136809.2393,-1609.9921
2025-10-29,7095.9262,-723.5957,102530.0732,-10806.6551,-28822.6986,-980.0996,165873.2748,-2103.2753
2025-10-30,7017.5581,-732.6262,92772.9207,-12644.7175,-29553.9567,-1184.1113,164969.5761,-680.9611
2025-10-31,6509.2943,-956.1209,88539.4645,-14691.3490,-32492.1590,-1508.5452,201501.4741,-1360.1190
2025-11-03,6561.3722,-1084.4763,88360.2271,-16122.6160,-33760.0409,-1794.0518,189028.5292,-1083.6526
2025-11-04,6214.1424,-1082.0614,82969.4916,-17889.5352,-35326.2122,-2336.1202,193373.4880,4356.8595
2025-11-05,6717.1945,-1014.7077,92500.6802,-16789.4778,-34130.9484,-1967.5884,166822.5882,2013.3697
2025-11-06,6007.9307,-1090.8403,69121.0459,-18683.8950,-39162.7015,-2404.0949,218206.1341,3929.7474
2025-11-07,7418.9105,-1275.8170,68960.2928,-18981.5373,-40839.4227,-2480.0321,191474.1210,1531.7949
2025-11-10,7987.3652,-1169.7734,92039.1823,-13704.2436,-40767.4501,-1666.0033,165474.8619,-2780.7964
2025-11-11,7677.9105,-1534.4863,88116.6165,-16301.3446,-41811.8872,-1197.8296,169908.4990,-3932.4070
2025-11-12,7333.9209,-1604.6345,83001.0661,-15655.4064,-46578.8719,-389.1216,198995.3182,-7601.8333
2025-11-13,8787.8122,-1431.9793,113440.3378,-13687.7530,-42901.1013,280.2433,144063.0909,-8241.4395
2025-11-14,8251.1881,-1436.1684,106837.4484,-14887.4539,-45730.8705,-107.2469,151993.1976,-4415.0570
2025-11-17,7995.4815,-1466.0254,96503.3223,-14495.1083,-61591.5058,3060.3437,175388.1200,-5541.2575
2025-11-18,7662.2825,-1751.2476,83140.8144,-15701.2854,-82456.4576,2567.2477,222640.7233,-5309.8482
2025-11-19,7501.4261,-2156.2883,71808.0819,-19513.9565,-107166.0433,1137.5448,212022.4494,1101.8694
2025-11-20,7690.9735,-2236.7750,65353.4210,-19484.0334,-169639.7251,3643.7567,213824.4560,-1140.5711
2025-11-21,7188.4723,-4054.4173,56839.9484,-22247.9618,-539409.1559,44098.6163,243046.6666,2344.5488
2025-11-24,6827.1471,-1041.3366,54965.5287,-16439.5536,-46372.5622,-2164.0219,220440.6487,928.7246
2025-11-25,7067.8283,-1125.7967,53002.4375,-16109.4429,-46927.8395,-1931.8480,209644.5780,1192.9009
2025-11-26,7436.7123,-1305.9728,60862.3242,-14536.1001,-48377.0960,-1612.7373,221775.9924,-2858.5105
2025-11-28,8115.6690,-1039.0748,68504.8456,-11338.8398,-53852.3710,-893.0518,218040.5473,-2280.5972
2025-12-01,8445.8056,-1235.4367,58568.3052,-12006.6899,-62987.7008,-1150.5408,232456.7399,-2917.1609
2025-12-02,8129.2806,-1253.2998,60464.5351,-11273.5501,-65028.0803,-1262.1293,242115.4499,-3839.6112
2025-12-03,7737.8262,-1255.2594,60910.4016,-12164.3479,-67425.0765,-1118.2690,240079.3268,-2312.8996
2025-12-04,8769.1923,-1216.3843,63035.0662,-10866.8937,-70053.1039,-962.4711,232314.6599,-3922.7618
2025-12-05,8613.2015,-1209.1522,63788.6533,-9647.2124,-72953.9720,-202.2603,229434.8180,-4440.5886
2025-12-08,9215.3280,-1262.6805,73728.1411,-7978.3694,-82039.3209,676.9611,202060.9568,-6683.1856
2025-12-09,9058.3921,-1220.2035,71579.8171,-7665.1652,-88271.3130,1001.1927,212140.7430,-6054.4767
2025-12-10,9606.5577,-1347.9671,65451.2138,-8827.8730,-98904.6139,687.9844,203901.3167,-5409.4785
2025-12-11,10653.5251,-739.0099,113431.1404,-3884.6724,-76212.3499,3818.4010,16664.6710,-12079.6588
2025-12-12,9531.3597,-714.9064,124764.6894,-3288.4264,-74223.2515,5146.7322,51280.2326,-10514.5339
2025-12-15,10961.7653,-745.7796,108920.1103,-3585.8948,-132001.2479,9844.7352,122694.7667,-9198.8125
2025-12-16,10707.4811,-1010.7389,96033.7865,-5193.0246,-191164.6185,11557.2830,157598.7847,-6447.8882
2025-12-17,14908.2998,-855.0588,122047.5494,-3919.1245,-193394.1890,20800.8129,105526.4263,-6521.7341
2025-12-18,13709.5122,-746.4925,117519.0705,-3099.9141,-427029.2546,42476.7217,110386.4237,-7394.6094
2025-12-19,11701.7186,-1011.8968,112411.6012,-3691.2413,-1407398.3697,166629.8659,99285.0364,-3769.8514
2025-12-22,5021.9432,-129.1004,41718.4841,-1188.3690,-16553.6104,-99.3231,98704.6125,-1328.1859
2025-12-23,5574.2451,-113.3864,54820.1632,-996.7080,-14873.0932,-74.4816,82844.2389,-1438.9489
2025-12-24,5393.2826,-126.0734,46369.9106,-1048.8072,-16323.6557,-73.1739,94662.1989,-1810.4810
2025-12-26,5170.8795,-126.4016,37876.6248,-1081.7167,-18039.6484,-82.0724,106143.2768,-1462.9735
2025-12-29,5405.1775,-125.0062,48793.5148,-1141.7398,-17159.2739,-75.4682,95438.2772,-1044.6317
2025-12-30,5243.8476,-128.2646,44788.1805,-1165.4622,-17423.7096,-64.2277,96662.1463,-1082.7885
2025-12-31,5083.6396,-135.2791,43412.7202,-1220.2347,-18245.2716,-78.1076,102346.6413,-967.1172
2026-01-02,4484.5221,-253.2032,36217.0822,-2198.1342,-21880.1241,-190.2431,121718.5731,-2033.9141
2026-01-05,4026.2167,-266.5951,28580.9378,-2414.9024,-25125.9982,-240.4658,140911.4525,-1570.6600
2026-01-06,5196.8863,-213.7338,38650.1397,-1777.1801,-23218.9744,-56.7566,117749.3271,-2214.2996
2026-01-07,6656.3443,-172.6697,54895.5867,-1491.6659,-22689.7166,71.6206,94908.7722,-2005.1089
2026-01-08,6540.3950,-180.5646,53652.8897,-1646.7611,-21766.6481,25.2494,91499.5948,-1457.3124
2026-01-09,7679.4055,-387.4526,68017.7520,-2512.8174,-19474.9210,705.7072,76491.2637,-2880.7219
2026-01-12,8426.1664,-408.4077,73453.7909,-2410.6759,-20832.1015,2086.5749,72357.2938,-2438.0003
2026-01-13,6748.0223,-336.2440,79956.6222,-1821.3525,-12097.6862,4831.6085,63810.0411,-2849.0126
2026-01-14,6720.7442,-289.5343,84103.2979,-1709.5279,-6476.0381,8868.7883,57833.1285,-2758.1310
2026-01-15,6577.4405,-317.8490,80794.2522,-1943.8149,-1851.1259,19029.4420,65212.0099,-2416.5693
2026-01-16,6803.5334,-271.1385,83549.8090,-1678.9635,51890.0886,80703.0796,61972.1726,-2181.5111
2026-01-20,6570.6328,-99.7099,86094.3915,-1165.9980,-14788.0878,-131.4476,51755.5486,-846.7608
2026-01-21,6982.7453,-88.1329,92926.6428,-958.0203,-14784.2617,-104.4240,47102.5897,-1361.0043
2026-01-22,7338.5901,-523.0697,108012.5977,-5469.8037,-13010.6622,-635.4313,22203.3682,-2467.3243
2026-01-23,7040.3770,-577.4818,104121.3697,-5733.7962,-13486.9943,-689.5572,32471.0649,-2709.4203
2026-01-26,7238.1184,-778.9217,100724.5817,-9529.3431,-14460.7471,-1346.9064,36067.9254,184.5974
2026-01-27,6998.5220,-924.1368,102383.0092,-10648.2190,-14320.8764,-1486.4950,36584.4911,-563.0171
2026-01-28,7391.9596,-946.6961,107438.4374,-11011.3027,-13617.1120,-1456.6028,25406.4087,-758.6385
2026-01-29,7361.2766,-916.1425,108977.6706,-10721.9598,-14573.5626,-1662.0141,33698.9190,-32.9597
2026-01-30,6923.3422,-944.4398,91628.0457,-12979.0865,-16133.0710,-2059.5773,48969.0912,1457.7464
2026-02-02,7232.0923,-931.6577,87006.9115,-13005.1050,-17349.0986,-2278.5439,49282.7212,1108.6320
2026-02-03,7172.0640,-1178.0003,90721.8748,-14700.3861,-17589.2103,-2621.3186,49679.6301,1832.5730
2026-02-04,8071.9364,-1121.0844,85644.7274,-13827.3711,-18809.1869,-2434.5089,50307.9814,996.6417
2026-02-05,8066.6168,-979.4838,106769.2429,-11613.5099,-15723.7495,-1885.6114,31459.7273,-318.7028
2026-02-06,7710.6894,-1039.8150,107796.8999,-11745.6128,-16012.3740,-1879.9398,34519.4987,-501.1255
2026-02-09,6960.2715,-1005.4488,119175.3734,-9768.2371,-15410.3828,-1134.2617,32659.1132,-2744.2968
2026-02-10,7383.1047,-1018.2144,123900.1784,-9695.7393,-14452.8378,-1147.0552,26782.8262,-2129.2041
2026-02-11,7667.1397,-1348.0209,123440.5776,-12994.8389,-15079.7690,-1268.2712,24776.8338,-3328.7824
2026-02-12,8052.9186,-1506.5723,80613.2727,-20371.6611,-23542.2880,-4738.3679,59188.2748,1655.2990
2026-02-13,6480.7501,-387.3069,76887.3725,-15794.7152,-59325.1308,-7554.4655,165663.6074,6976.4707
2026-02-17,8242.3467,-358.9542,102756.6994,-14013.5162,-90164.2970,-13767.0704,162174.2647,3758.5277
2026-02-18,14829.4124,-594.8998,186607.2492,-10044.7563,-56939.1914,-7969.6601,113799.4631,107.1334
2026-02-19,10524.4417,-911.5093,123691.2741,-12117.9604,-164674.5061,-1364.7788,147550.6303,1470.8931
2026-02-20,9192.3307,-846.4876,91791.5842,-12814.9359,-653313.7181,9010.7610,187637.7000,3933.1297
2026-02-23,7665.2256,-729.8349,80205.2631,-15337.0070,-55221.9949,-2338.2129,168256.4903,5512.4582
2026-02-24,7002.1900,-544.6188,64712.4917,-18831.5257,-61765.5333,-3900.6388,168343.4230,20721.6098
2026-02-25,6757.8574,-641.9159,65243.7472,-14406.3987,-64147.9060,-2245.5595,169848.2591,4329.9106
2026-02-26,6899.9726,-653.6264,68031.5157,-15176.1390,-65122.8096,-2490.3633,165236.2356,5481.3646
2026-02-27,7051.2388,-753.1763,69504.7753,-13521.5048,-64756.4134,-1940.0601,169132.7118,2288.6976
2026-03-02,7016.5964,-744.6264,68994.0001,-14964.3908,-77248.1045,-2724.0393,164642.8530,4682.3488
2026-03-03,6975.0555,-807.6461,63152.7668,-16212.6363,-83168.2406,-3134.2991,160003.1856,5569.6416
2026-03-04,7882.4475,-891.7202,66109.8309,-14331.6568,-85395.9717,-2564.1409,169512.9030,2814.6628
2026-03-05,10705.0359,-841.0625,88792.9212,-12143.9481,-84821.1189,-2014.8256,151971.8501,1726.9290
2026-03-06,8967.0892,-988.6564,91107.2320,-13034.3352,-91378.8691,-2717.5703,173175.5298,5295.0105
2026-03-09,8960.4375,-864.1274,87768.7465,-10885.1437,-117971.0221,-1710.4224,201557.4666,419.7898
2026-03-10,10217.5624,-1031.5839,95075.4124,-12975.9616,-116128.6574,-2835.7888,133345.9709,2700.4031
2026-03-11,9832.5766,-973.6051,80898.3442,-13798.5978,-136859.9263,-3381.3321,141919.4394,3152.0747
2026-03-12,7587.7711,-997.8994,54785.8129,-15557.5092,-179311.1606,-4892.6144,197294.1031,4811.6099
2026-03-13,6679.9060,-938.1318,43095.9344,-15956.4670,-212523.6995,-5541.4217,179777.0579,3088.1583
2026-03-16,7008.6072,-998.3860,44549.6513,-15472.8295,-361633.4562,-7861.2467,183514.3051,2618.0737
2026-03-17,8421.8800,-1061.8340,48590.5589,-14832.7118,-474757.6143,-8540.9394,184353.6993,1592.4390
2026-03-18,5574.2464,-1111.7268,38798.5471,-17653.2291,-635926.3822,-19931.8508,193674.4286,4608.3336
2026-03-19,4325.4097,-887.0022,37140.5203,-18605.6287,-1341173.6627,-40213.6542,145057.9621,6580.1648
2026-03-20,2063.6652,-911.0212,27190.4718,-12069.8131,-2759024.6079,-75247.2868,96728.2114,1688.3036
2026-03-23,1547.4028,-332.5757,27081.9065,-4752.8775,-4600.8419,-424.4254,49943.0543,491.3614
2026-03-24,2190.8205,-431.5269,30275.0897,-6237.2068,-7993.2195,-461.9576,59200.5160,-66.3481
2026-03-25,2527.7107,-379.8970,33138.2999,-5172.7063,-8200.0851,-395.3487,57153.3552,-220.9467
2026-03-26,2298.1639,-477.8549,30009.9558,-6198.3586,-9351.4367,-542.2166,65695.7781,139.1382
2026-03-27,2432.0650,-448.7623,32069.2976,-6161.9749,-8336.4122,-469.5550,56215.1583,-86.1410
2026-03-30,2050.0414,-518.8050,28314.3611,-7537.4187,-10377.7839,-777.3340,65495.9195,1080.8132
2026-03-31,2143.5262,-528.3953,27325.6036,-7183.6938,-10448.5366,-739.7687,65197.2051,904.1960
2026-04-01,2217.6020,-613.1379,30332.2828,-7250.3437,-10808.7896,-735.9143,66166.4865,262.6635
2026-04-02,2303.6579,-527.1478,29795.8470,-6691.8447,-11458.3470,-624.9907,65479.0312,540.5091
2026-04-06,2659.4896,-454.7261,31500.6659,-5734.9561,-12918.0904,-456.1619,62177.0946,-7.7951
2026-04-07,2758.5982,-553.0855,31677.1363,-6258.8475,-14860.2041,-462.2918,63320.1719,-108.0777
2026-04-08,3651.3275,-437.2874,39806.5843,-4892.8467,-13368.2689,82.2996,54881.5954,-1011.9815
2026-04-09,2981.0473,-540.2859,34525.5546,-5373.6430,-16403.1908,80.4951,62190.1571,-1155.8576
2026-04-10,3072.6204,-521.5914,34693.4856,-4908.8963,-17727.9678,518.6384,60675.5263,-1677.4241
2026-04-13,6833.9938,-472.1170,81558.7236,-5701.9903,-21743.2792,3086.2381,63939.3327,-2889.2259
2026-04-14,8812.2517,-447.2662,93354.2838,-5363.9229,-23203.5745,5429.2663,63649.4409,-3888.4587
2026-04-15,8460.9637,-452.9590,90444.3727,-5392.5397,-34328.1811,8869.0804,66315.7554,-3514.3794
2026-04-16,7544.8467,-432.3464,98350.8451,-5147.6554,-32224.6897,18986.3339,59797.8419,-2937.9998
2026-04-17,12664.6984,-463.5373,88218.5797,-5463.6662,-477234.6523,80465.9280,75064.4708,-2021.6824
2026-04-20,5709.8738,-326.0720,82941.8103,-4918.5716,-13181.7163,-382.8173,58232.6234,-1072.4510
2026-04-21,5592.1939,-325.1625,86568.6481,-4765.2696,-12955.8643,-356.2023,57027.6520,-1270.0261
2026-04-22,5494.5616,-399.2423,81603.5970,-5456.7133,-14082.6798,-423.1932,62605.6091,-1710.1573
2026-04-23,5394.9356,-434.9020,72340.3258,-6244.5048,-15756.4953,-501.4769,70408.8701,-936.0241
2026-04-24,5765.9818,-332.6723,99209.1554,-4563.6516,-12029.2712,-305.2158,47620.2883,-1853.0152
2026-04-27,6113.9764,-335.5015,98615.6273,-4563.0790,-12851.0576,-285.6372,45958.5833,-1852.2177
2026-04-28,7458.8539,-353.9462,118651.5131,-4956.0089,-19904.1513,-345.3213,62858.4904,-2060.1407
2026-04-29,7146.5079,-415.0791,98534.0938,-6138.2562,-24517.6551,-520.4146,74831.5029,-1125.6899
2026-04-30,7135.5028,-418.6912,101669.6417,-5926.7516,-24921.4377,-508.8299,75243.8986,-1634.7875
2026-05-01,6862.9823,-458.7290,91523.5683,-6469.3153,-27773.1509,-563.3926,83544.7915,-1437.9860
2026-05-04,7419.6664,-442.8832,92615.2027,-6246.0362,-31113.5017,-476.9797,79478.6609,-1190.0934
2026-05-05,9897.5704,-504.1078,132489.8464,-5441.7328,-29805.4370,56.4392,72993.5542,-4406.3838
2026-05-06,10964.4121,-614.0442,124285.7663,-6056.9092,-33766.1741,220.4062,62579.7357,-5034.7488
2026-05-07,13398.8218,-626.7890,121268.9543,-6385.4332,-36710.8912,131.7312,67337.8445,-3459.1071
2026-05-08,10272.9326,-806.8274,90046.6445,-6628.7437,-58258.2882,600.4284,112297.1166,-4882.5787
2026-05-11,10457.3332,-890.4074,83348.8724,-7348.0072,-95267.2462,866.8892,106326.5758,-3514.4068
2026-05-12,13223.7962,-824.9288,92135.1025,-5680.2890,-107538.0574,5364.4052,96186.0332,-5630.0110
2026-05-13,10161.9757,-898.5606,74004.8637,-7065.0725,-198935.8650,7590.9994,109163.7699,-4962.0291
2026-05-14,9342.9487,-1046.9579,63879.3078,-8371.3097,-427631.7939,6661.1769,107738.7308,-2655.9546
2026-05-15,8950.9051,-956.2784,68677.8746,-7788.7311,-1395127.0299,53343.0525,84040.8297,-2794.2831
2026-05-18,3034.8362,-411.1223,42575.5427,-5433.4855,-12479.2724,-479.3190,75951.6691,-1289.7465
2026-05-19,3080.0802,-490.9510,44302.4660,-5442.4944,-11843.2040,-467.7198,70151.1814,-2573.3938
2026-05-20,3172.9901,-448.4522,47022.2192,-5134.9519,-11908.6726,-445.1149,68563.6435,-2314.6827
2026-05-21,3931.3129,-463.9358,51038.5686,-5117.9064,-15871.0658,-426.0426,85436.8636,-2449.7182
2026-05-22,4054.3133,-449.0286,51829.7816,-4882.8723,-16475.2573,-400.4123,84991.0534,-2560.2963
2026-05-26,7251.8138,-397.4181,72576.3296,-4155.6193,-22678.2911,-264.9077,77792.5709,-2983.3746
2026-05-27,6935.2037,-391.7048,72313.3816,-4125.1450,-23335.6812,-258.6302,80511.2365,-2966.4665
2026-05-28,6323.8770,-447.9450,64602.3833,-4715.4342,-26230.3940,-336.5350,94999.8028,-2573.0442
2026-05-29,10104.9853,-1695.4886,104135.4952,-29735.1186,-45105.5213,-1648.4501,138358.0610,-7927.2462
2026-06-01,10004.3944,-1696.7065,101904.1847,-29145.8423,-53062.4610,-1670.4539,155914.7948,-6377.1078
2026-06-02,8647.8819,-1787.6598,94252.8184,-30918.3111,-48894.8739,-1835.9334,140323.1866,-5920.9196
2026-06-03,9701.2464,-1643.9739,88811.6032,-29888.5070,-52015.4151,-1731.8891,141678.0382,-2159.7533
2026-06-04,9025.7561,-1718.0270,84229.5010,-31132.4592,-55437.6588,-1838.9515,141868.4910,-2915.0700
2026-06-05,9021.2638,-1899.5680,100471.3737,-30933.0240,-52623.1160,-1845.2197,123717.4254,-9008.3818
2026-06-08,9403.0595,-2486.3943,94833.4375,-40202.9832,-68784.6626,-2492.4644,132397.4962,-6164.1095
2026-06-09,11469.8654,-2405.2898,101155.6968,-39890.2816,-76008.3726,-2136.0897,139467.7371,-6678.7684
2026-06-10,10753.8958,-2837.1333,108020.6634,-43045.1142,-79853.7868,-2198.7229,130302.0140,-8411.7889
2026-06-11,11142.2191,-3062.9371,101118.9308,-45394.9836,-92502.9453,-1916.7800,137817.0724,-10673.1402
2026-06-12,10928.7625,-3067.7380,100189.2767,-45233.5389,-105968.1059,-1910.0976,138354.0487,-9170.6588
2026-06-15,18885.4651,-2950.8140,115565.4956,-39857.1071,-170866.4458,2293.6699,133242.2990,-18758.9264
2026-06-16,21033.6528,-2475.4319,163241.2847,-34455.0864,-133295.4096,5916.7183,49653.6288,-18082.4902
2026-06-17,18638.5111,-2666.7238,138728.2100,-35226.5268,-373327.3376,16435.9673,78958.0740,-21452.6088
2026-06-18,13976.2537,-3310.9103,100840.3098,-41789.5243,-1688733.1765,56689.0629,89345.6830,-20838.0210
2026-06-22,5383.1036,-2428.4464,95877.5403,-34489.7558,-10589.1018,-2514.0717,39541.8988,-12157.1157
2026-06-23,4870.1255,-3208.0846,80558.6602,-42891.6935,-11637.9372,-2420.1162,56652.0496,-19617.6162
2026-06-24,5275.1749,-2880.3769,85425.4535,-38887.2422,-12095.4713,-2416.9521,56380.8387,-16134.6207
2026-06-25,5663.2954,-2144.0131,110780.2615,-30589.9763,-10120.7155,-1580.7854,36879.1120,-14832.8659
2026-06-26,5457.5658,-1921.2484,125111.2981,-26839.6180,-9161.7861,-1032.6305,30084.7872,-18426.4864
2026-06-29,6151.7734,-1873.4324,126054.4853,-25511.4461,-9283.0850,-161.9569,23398.3545,-21352.8431
2026-06-30,6073.9760,-1543.3662,134522.5645,-22201.7708,-8019.7176,1565.9559,11521.2701,-29214.2130
2026-07-01,5773.9907,-1889.4501,126658.6943,-24303.7244,-9525.8864,276.7189,28385.8977,-25417.2407
2026-07-02,6633.5799,-2045.4689,120193.4762,-26303.5302,-10935.4479,123.1051,31430.0325,-22813.9974
2026-07-06,7538.8665,-2027.1964,116259.4760,-26725.3216,-12676.0730,2032.4079,26138.6639,-20305.0150
2026-07-07,6847.6040,-2020.4299,114149.8854,-25880.6305,-13885.1795,4165.8966,39841.1670,-29323.4245
2026-07-08,6692.2089,-2413.9518,101701.7291,-29538.0988,-18057.0325,3768.4023,49665.9916,-26524.1000
2026-07-09,6847.4568,-2722.4419,100842.0017,-33931.9799,-22464.6522,1532.7194,64652.0105,-16114.1382
2026-07-10,7811.7126,-2356.9086,108385.4111,-29670.2790,-21864.1046,5815.7052,54797.0454,-21371.7606
2026-07-13,6932.4997,-3113.4484,85206.0897,-36450.2489,-42218.3393,7933.5788,77218.8451,-15401.4192
2026-07-14,7030.6642,-3005.9643,93007.2603,-36556.7677,-43196.2302,10241.2271,67075.6882,-11085.4688
2026-07-15,7791.5851,-3147.7702,90255.8630,-36655.4016,-63292.2079,21097.8665,66114.2739,-11810.0414
2026-07-16,9064.9816,-2071.5345,106668.7307,-25348.8706,-70710.3065,78641.1632,46296.4460,-15614.5563
2026-07-17,8457.7558,-2144.2535,107812.0669,-26521.0996,-182176.4693,274174.6958,43597.4591,-10032.2484
2026-07-20,4396.1673,-1628.3252,86005.5169,-24608.2875,-10502.6348,-1975.4231,47407.2028,-10507.9467
2026-07-21,4375.0884,-1750.2247,75469.0651,-27790.8200,-11815.8988,-2145.7038,58951.0422,-7566.7659
2026-07-22,4430.9017,-1585.8669,81339.4349,-26688.1208,-11459.9716,-2072.4054,54938.3768,-4168.9569
2026-07-23,4519.4046,-1657.5552,79897.4500,-25812.3390,-11654.8922,-2003.2126,55630.4596,-8420.0229
2026-07-24,4342.0490,-1750.5982,75012.2882,-28005.0066,-12666.7828,-2136.9068,62213.9526,-7455.4081
2026-07-27,5641.9135,-1283.1419,102621.0115,-20335.3095,-11906.3556,-1645.9646,27916.4983,-7738.8813
2026-07-28,5058.6477,-1269.0354,110201.4355,-17430.3414,-12073.1079,-1343.2404,37286.0163,-17199.0422
2026-07-29,5952.6888,-1316.0954,112345.2692,-18445.3835,-15206.4744,-1308.4948,46348.2676,-16999.6509
2026-07-30,5641.1680,-1478.1673,103354.4991,-21641.7007,-16962.4999,-1813.0943,58302.2365,-10345.8033
2026-07-31,5493.4532,-1779.0131,81238.0198,-27299.6267,-22557.9716,-2191.2368,83699.0211,-7783.5489
2026-08-03,6058.2635,-1585.7881,95163.6771,-24248.4447,-22115.6224,-2057.9315,66253.0795,-7390.2715
2026-08-04,6350.2585,-1566.5862,90585.5801,-23865.4924,-24133.8108,-1946.3924,71153.2940,-7698.7468
2026-08-05,3220.0754,-2631.7915,26708.3477,-58246.9166,-51745.6589,-4969.9874,180362.3369,12954.1124
2026-08-06,3720.2682,-2740.5251,36885.5242,-59898.1499,-52000.9705,-4831.6193,149077.0765,6351.8332
2026-08-07,4155.5718,-2769.7571,38349.7775,-67422.0392,-66250.4181,-5704.2995,232546.4552,21077.0993
2026-08-10,5432.3240,-2795.5565,49433.1235,-62753.7780,-77180.6617,-5452.7897,217029.9711,18011.5526
2026-08-11,4521.3768,-3247.0897,46017.6095,-78849.7946,-85762.7345,-10107.0720,225888.4288,51998.0171
2026-08-12,3193.2209,-3432.6617,27114.7801,-92931.0420,-99532.2294,-9168.4612,247604.9213,39508.4252
2026-08-13,3348.4901,-3833.2193,27932.0051,-106605.7531,-109996.5377,-12056.2537,270544.8424,48102.7399
2026-08-14,2684.5338,-4006.1286,22496.0892,-112155.1472,-108503.6829,-13872.6511,295364.2296,55958.4372
2026-08-17,2816.3275,-4230.6525,22333.4984,-107992.0634,-133647.2570,-14170.3696,289246.1241,46402.5659
2026-08-18,2771.0587,-3882.7873,20098.0744,-106120.6348,-167526.4899,-14536.2697,315134.0534,45036.0990
2026-08-19,3549.2825,-4329.6301,27921.2949,-97165.0591,-172879.5214,-12952.2593,273705.3018,36963.6462
2026-08-20,2776.0219,-4120.9341,23637.4430,-100006.1426,-205988.3356,-16200.3393,285963.0071,42598.0800
2026-08-21,3740.4067,-4237.6459,31364.1542,-93018.7155,-437460.0630,-24619.8878,243461.5058,33523.6511
2026-08-24,3497.6688,-3804.8384,32559.6834,-96058.8515,-40067.7224,-11243.5455,228089.0797,42529.7732
2026-08-25,3427.4431,-3711.5433,31689.7431,-116590.5501,-44614.9977,-15148.7016,215016.2128,70528.7157
2026-08-26,3271.6088,-3927.4126,29981.3538,-84166.2404,-45013.6595,-8269.2331,244664.3367,32542.9102
2026-08-27,3696.0971,-3784.7968,34117.2991,-80069.9819,-46077.9976,-8005.3581,234291.0674,30822.6238
2026-08-28,3336.1845,-3867.9524,32102.6405,-79379.2585,-47082.3196,-8160.9108,253980.7025,31669.0280
2026-08-31,3434.2276,-3527.1979,31308.0216,-81616.2731,-52604.9282,-8812.1348,234716.8392,33254.0767
2026-09-01,3599.8850,-3554.9842,30401.8649,-85832.3597,-56727.0955,-9984.3320,216576.4024,42810.4578
2026-09-02,2779.9442,-3287.8034,25497.2703,-90841.0406,-58642.4200,-11504.5201,235032.5603,58781.9041
2026-09-03,3428.3321,-3985.6390,28714.2241,-80841.8085,-61586.1226,-9222.2991,223922.1676,35872.0510
2026-09-04,2894.4320,-3580.3465,25160.2871,-95604.6827,-64956.0186,-13995.1311,233385.4561,65177.2373
2026-09-08,3232.1868,-3960.8966,28975.0932,-94471.8679,-86825.6195,-16464.0266,203235.1560,62256.2459
2026-09-09,2966.7234,-1997.1838,24287.7263,-100966.5857,-96360.9889,-24600.2939,200494.8053,108478.3729
2026-09-10,3040.4058,-3893.9391,27052.7023,-85851.1851,-100661.0808,-13097.3123,202027.8573,41496.2869
2026-09-11,3549.1035,-3641.8558,29870.0163,-91093.9506,-120238.7425,-15939.4704,175983.5621,55579.4025
2026-09-14,3595.3838,-4619.6759,31352.3251,-79449.7550,-159138.4178,-15095.8105,177501.6692,34861.6897
2026-09-15,5153.9453,-4696.6306,37800.7027,-71123.1652,-157565.7266,-11312.4831,158005.6810,25712.8268
2026-09-16,4975.6657,-3862.0990,39858.3194,-65600.9435,-254387.7217,-6428.5518,154342.0445,22422.1378
2026-09-17,4271.6420,-5278.5518,30851.4044,-80594.4907,-426904.4495,-23851.1698,144919.3127,37078.2216
2026-09-18,6319.4051,-5283.1141,52950.4399,-79432.2408,-1983428.6192,-92966.4648,134064.5788,32863.2218
2026-09-21,4094.9312,-1940.5881,44886.2272,-64518.5440,-16749.1930,-5268.9037,115246.4169,32903.3101
2026-09-22,4545.6107,-1918.7128,44810.5225,-63854.5099,-17501.0378,-5342.8499,120890.2361,35927.0411
2026-09-23,5506.9198,-2048.6416,41937.2213,-62274.2959,-18919.3579,-5023.2614,122072.1845,31721.8599
2026-09-24,4614.9567,-1995.4226,42249.4691,-64287.1788,-18939.9652,-5292.0575,122054.1938,34718.8360
2026-09-25,5388.2837,-2047.9044,45507.1854,-62798.0907,-19123.5050,-5115.4220,110328.9248,31995.1854
