date,call_volume,put_volume,call_volume_ask_side,call_volume_bid_side,put_volume_ask_side,put_volume_bid_side,net_call_premium,net_put_premium,put_premium,call_premium,avg_30_day_call_volume,avg_30_day_put_volume,avg_7_day_call_volume,avg_7_day_put_volume,bearish_premium,bullish_premium,put_open_interest,call_open_interest,avg_3_day_put_volume,avg_3_day_call_volume
2026-09-25,906,668,269,562,188,440,-2038.00,-52146.00,118004.00,163243.00,2861.1667,1094.8667,2221.8571,1667.1429,105117.00,155225.00,24240,63727,1364,2870.3333
2026-09-24,868,1203,413,401,640,527,6380.00,46291.00,381408.00,167553.00,2907.1333,1080.9667,2720.1429,1700.2857,275351.00,235440.00,23422,63440,1186.6667,4250.6667
2026-09-23,2744,2041,1371,1156,1062,832,61009.00,67071.00,343101.00,518881.00,3021.2333,1059.8333,2545.5714,1565.7143,407327.00,401265.00,22183,62065,1442.3333,3640.3333
2026-09-22,4999,848,2664,2198,346,414,-33174.00,-42215.00,214973.00,413374.00,2973.9333,1041.8,2405.1429,1470,280693.00,289734.00,21686,57857,2076.6667,2114.6667
2026-09-21,5009,671,1478,1933,422,219,-152039.00,50732.00,127594.00,903971.00,3305,1335.5,1777.7143,1432.5714,520853.00,318082.00,21282,53756,2302.3333,644.3333
2026-09-18,913,2808,336,473,1361,1185,63189.00,-158181.00,398103.00,713745.00,3438.6,1482.8,1934.1429,1697.7143,367384.00,588754.00,33818,72267,1844.6667,1792
2026-09-17,422,2751,200,185,2364,339,-17856.00,671868.00,788496.00,180485.00,3460.7333,1409.7333,1990.7143,1418,816695.00,126971.00,35147,72186,1294,2158.6667
2026-09-16,598,1348,300,248,977,344,20247.00,18985.00,218362.00,420109.00,3448.3333,1368.3667,2789.4286,1337.4286,294302.00,295564.00,34470,71880,904,3298
2026-09-15,4356,1435,2069,1627,982,374,1873.00,54028.00,128539.00,1389919.00,3345.8333,1333.5333,2263,1172.8571,608389.00,556234.00,34506,72947,562,2051.6667
2026-09-14,1522,1099,360,999,281,774,-26061.00,-39386.00,104704.00,847264.00,3351.4333,1304.2,2198.1429,1071.4286,421964.00,435289.00,33717,71942,1750.3333,2213.6667
2026-09-11,4016,178,789,3145,22,110,15027.00,-11019.00,31850.00,209566.00,3229.4,1308.0667,1769.1429,1114.5714,89995.00,116041.00,34364,74799,1955.3333,1147.6667
2026-09-10,617,409,322,232,179,207,50740.00,2840.00,71299.00,224604.00,3222.1667,1297.8667,1872,1119.5714,101974.00,149874.00,34313,74501,2080.3333,3005
2026-09-09,2008,4664,398,1426,3029,1507,33881.00,107524.00,677857.00,697027.00,3189,1150.9333,1871.4286,616.2857,665941.00,592298.00,32145,73727,620,2559.3333
2026-09-08,818,793,173,590,284,488,-139469.00,-41654.00,129676.00,227323.00,3174.4333,1127.1667,2087.7143,548.8571,219522.00,121707.00,31815,73528,485.3333,2642.6667
2026-09-04,6189,784,2367,1582,224,524,100625.00,33682.00,204200.00,1802101.00,2991.8667,1112.5667,2305,502.1429,625164.00,692107.00,32260,75534,384,917.3333
2026-09-03,671,283,319,261,138,136,1114.00,5052.00,37851.00,175635.00,3040.8333,1133.7,2536.1429,599,87252.00,83314.00,32087,75331,437.6667,1139.3333
2026-09-02,1068,389,407,531,120,253,7375.00,-6152.00,68805.00,330211.00,3029.5,1156.6667,3992.5714,679.1429,157672.00,171199.00,31876,74647,688.3333,1451.3333
2026-09-01,1013,480,234,419,26,302,-56566.00,-43635.00,85150.00,377161.00,3079.8667,1173.0667,4369.4286,777.4286,122246.00,109315.00,31517,74115,635.3333,1891
2026-08-31,1337,444,653,533,214,204,-44342.00,45734.00,116026.00,204900.00,3088.0667,1173.9333,4684.4286,755.2857,160091.00,70015.00,31202,73608,639.6667,4015.3333
2026-08-28,2004,1141,440,1529,203,622,30874.00,-18386.00,125675.00,245925.00,3077.0333,1166.8,4532.4286,958,142085.00,191345.00,31235,74208,579.6667,4110.3333
2026-08-27,2332,321,999,1248,130,189,73357.00,-4250.00,48737.00,314000.00,3140.5333,1190.7,5516.2857,966.8571,134145.00,211752.00,31097,72397,789.3333,7087.3333
2026-08-26,7710,457,994,1601,248,139,92463.00,69949.00,149576.00,1709081.00,2946.3,1234.1333,4660,973.7143,245454.00,267968.00,30733,66167,1026.3333,5734.3333
2026-08-25,2289,961,628,1407,312,586,-13999.00,19950.00,125253.00,377717.00,2913.8333,1272.9,4462,914.7143,192257.00,158308.00,29844,65274,802.3333,6152
2026-08-24,11263,950,1586,1474,269,653,239347.00,-98706.00,255151.00,1990840.00,2630.4333,1388.5,3009.8571,912.5714,273884.00,611937.00,29161,55584,1339,2711
2026-08-21,3651,1168,2150,1353,961,166,87435.00,98118.00,154216.00,681049.00,2556.9667,1594.2333,2809.2857,858,330934.00,320251.00,34262,67172,1077.3333,4567
2026-08-20,3542,289,2139,975,156,124,501704.00,79489.00,104938.00,1740064.00,2911.8333,1615.0667,3184.2857,1017.7143,509821.00,932036.00,34272,65342,1149.3333,3958.3333
2026-08-19,940,2560,618,177,752,1774,30954.00,-402829.00,797601.00,214849.00,2902.1667,1558.1333,3561.4286,695.8571,252976.00,686759.00,32319,64931,478.6667,3946
2026-08-18,9219,383,1563,1481,106,248,92761.00,-23965.00,58555.00,1234090.00,3399.2,1571.0333,4378.8571,1995.7143,221692.00,338418.00,32161,66485,662.6667,1239
2026-08-17,1716,505,1122,509,48,452,171163.00,-6760.00,28749.00,387215.00,3398.1,1603.8667,4836.7143,2956,75868.00,253791.00,31699,66513,756.3333,1416
2026-08-14,903,548,392,476,167,355,12559.00,-74428.00,247613.00,370028.00,3421.9667,1693.7333,4862.8571,2957.5714,229077.00,316064.00,31922,66803,1042.6667,3170.6667
2026-08-13,1098,935,443,578,171,733,38664.00,-60580.00,123235.00,162442.00,3514.9333,1693.7667,4738.2857,2839.2857,78139.00,177383.00,31267,66109,833.3333,3998
2026-08-12,2247,786,298,1839,464,280,-44219.00,28285.00,147511.00,305159.00,3556.7,1779.7,4600.2857,2782.7143,231402.00,158898.00,30854,66560,3732,8229.3333
2026-08-11,6167,1407,245,841,855,503,-40500.00,43309.00,234421.00,891126.00,3371.9,2048.1667,3960.7143,2613,268968.00,185159.00,29597,70649,5672,7814
2026-08-10,3580,307,221,333,237,46,-28539.00,52640.00,73157.00,624232.00,3703.9667,2056.9667,3500,2611.1429,148779.00,67600.00,29378,67269,5756,6982.6667
2026-08-07,14941,9482,2535,2036,4490,4839,405528.00,-101762.00,837821.00,3485088.00,3384.9333,1750,1422.7143,1271.2857,822802.00,1330092.00,33756,61212,2631,2077.6667
2026-08-06,4921,7227,592,3409,5142,1525,-252831.00,434147.00,897186.00,689928.00,3287.7333,1524.3667,864.4286,275.4286,972786.00,285808.00,27823,57749,352,864.3333
2026-08-05,1086,559,536,206,139,328,100481.00,-70340.00,151050.00,577666.00,3366.3667,1573.6,763.7143,207,120640.00,291461.00,27535,57444,238.6667,1065.6667
2026-08-04,226,107,109,78,71,23,6234.00,8334.00,22611.00,80217.00,3389.2667,1608.8,833.1429,241.1429,37739.00,35639.00,27466,57312,301,1108.6667
2026-08-03,1281,390,974,136,91,250,75912.00,-6442.00,37257.00,228319.00,3451.6,1616.2,955.8571,316.4286,42651.00,125005.00,27121,56369,205.3333,815
2026-07-31,1690,219,142,1523,75,123,-149111.00,-4899.00,30441.00,202523.00,3414.8667,1616.1333,818.4286,439.1429,182948.00,38736.00,27954,56385,217.6667,589.3333
2026-07-30,355,294,123,193,145,138,-15002.00,22562.00,89461.00,70982.00,3516.3333,1621.9333,1128.2857,536,92421.00,54857.00,27826,56321,146.3333,598
2026-07-29,400,103,188,138,17,52,-1413.00,-3930.00,15094.00,105970.00,3531.1667,1624.9667,1297.2857,588.4286,44491.00,47008.00,27744,56291,227.3333,702
2026-07-28,1013,256,403,489,75,163,33481.00,-14092.00,38066.00,337057.00,3510.3333,1633.9333,1391.5714,684.2857,126930.00,174503.00,27560,55607,447.6667,1077.6667
2026-07-27,381,80,206,121,23,47,-1467.00,-6228.00,22818.00,107001.00,3507.5333,1637.7333,1942.4286,821.1429,48794.00,53555.00,27497,55428,780.3333,1193.3333
2026-07-24,712,346,240,341,183,142,-15670.00,76203.00,106555.00,199729.00,3543.2667,1634.2667,2109.7143,1023.1429,172246.00,80373.00,35390,57348,989,1797.3333
2026-07-23,2140,917,389,1671,438,446,-78085.00,21519.00,173336.00,269681.00,3495.9667,1620.9333,1991.8571,1195.5714,241168.00,141564.00,35476,55583,840,1611.6667
2026-07-22,728,1078,482,222,628,250,9288.00,52882.00,222826.00,121923.00,3557.8,1599.9333,2282.2857,1672.7143,158944.00,115350.00,35143,55191,789.6667,1926.6667
2026-07-21,2524,972,1617,858,548,394,228429.00,53633.00,205147.00,688767.00,3502.8667,1578.5667,2128.4286,2582.4286,345909.00,520705.00,34373,54506,811.6667,2497.6667
2026-07-20,1583,470,785,485,237,213,61102.00,10149.00,75652.00,565806.00,3477.8333,1573.0667,3929.1429,2645.8571,185675.00,236628.00,34029,53323,1241.6667,2597.6667
2026-07-17,1673,927,857,513,243,529,41125.00,-63152.00,236149.00,653399.00,3480.8667,1565.0333,3783,2635.1429,289523.00,393800.00,39314,76350,1640.6667,2478.3333
2026-07-16,4237,1038,667,6134,478,439,-163738.00,-34320.00,307511.00,517465.00,3351.9333,1536.7667,6624.8571,2596.8571,410859.00,299212.00,39258,75987,2767.3333,1986.3333
2026-07-15,1883,1760,616,975,236,1364,-60001.00,-98459.00,204070.00,457597.00,3366,1489.1,6596.2857,2558.2857,245052.00,283510.00,38290,75747,4627.3333,1841
2026-07-14,1315,2124,581,613,947,1076,-75622.00,21273.00,541038.00,577244.00,3334.4667,1430.9667,6639.7143,2718.2857,555646.00,458751.00,36663,75084,4224,6132
2026-07-13,2761,4418,1033,1460,787,2223,-46846.00,-376380.00,1471533.00,667677.00,3254.5667,1295.3667,6800.5714,2220.8571,534028.00,863562.00,33157,73504,3035.3333,5428.3333
2026-07-10,1447,7340,465,822,619,436,-88213.00,-17671.00,414526.00,431061.00,3259.7667,1076.4667,7093.8571,1652.8571,310797.00,240255.00,33061,75485,845.3333,12989.3333
2026-07-09,14188,914,2722,3968,427,290,-69937.00,33403.00,350292.00,2816884.00,2809.4333,1077.5333,5156,2873.8571,1019098.00,915758.00,32676,77566,1037.3333,8821
2026-07-08,650,852,229,375,174,665,-142585.00,-219089.00,397514.00,269209.00,2807.1333,1061.2,6997.7143,2833.7143,280397.00,356901.00,31935,77288,1834.6667,9144
2026-07-07,24130,770,692,1253,381,275,-216564.00,8738.00,142321.00,4517408.00,2038.1333,1040.5,4317.7143,2762.7143,517633.00,292331.00,31399,67930,1890,2396.3333
2026-07-06,1683,1490,866,692,542,689,7621.00,-112973.00,361012.00,335172.00,2038.4,1003.2667,4363.7143,2615.2857,243820.00,364414.00,30294,66539,2514.6667,3002
2026-07-02,1619,3244,495,954,918,2154,-100055.00,-217874.00,575697.00,426179.00,2014.6333,916.7333,4624.5714,2442.7143,382406.00,500225.00,29080,67294,4587,2670
2026-07-01,3887,936,1303,514,531,389,55098.00,-16532.00,254982.00,1153826.00,1919.4333,946.1667,4199.7143,2475.1429,205744.00,277374.00,28546,64144,4465.3333,5888.3333
2026-06-30,3500,3364,416,1002,802,2419,-260085.00,-70539.00,296611.00,1229265.00,1912.7,898.9333,4149.8571,2082,458571.00,294895.00,27624,61651,3435,6511.6667
2026-06-29,623,9461,285,250,4973,3955,-8360.00,-120993.00,808290.00,286797.00,1923.6667,621.7667,4144.8571,761.4286,450447.00,563080.00,20018,61710,434,6972.3333
2026-06-26,13542,571,386,3074,277,274,-230780.00,-6319.00,64526.00,2316745.00,1506.2,666.8667,2695.8571,746.7143,427706.00,203245.00,20031,52511,922.3333,3606.6667
2026-06-25,5370,273,163,186,211,43,13576.00,25753.00,40950.00,1183037.00,1511.7,820.5667,2049.4286,735.4286,73282.00,61105.00,19862,47437,1219,2121
2026-06-24,2005,458,225,544,67,361,-106838.00,-114300.00,139767.00,833266.00,1504.3333,831.0333,1818.4286,745,188503.00,195965.00,19533,45843,1270.3333,2503
2026-06-23,3445,2036,1898,1305,1656,343,122205.00,110767.00,187222.00,727063.00,1424.1,787.2333,1368.7143,481.8571,413326.00,424764.00,17640,44376,664,1550.6667
2026-06-22,913,1163,204,537,77,1058,-101628.00,-322871.00,345582.00,218428.00,1459.3333,816.9667,1493.1429,350.2857,159716.00,380959.00,16554,43619,432.3333,2379.3333
2026-06-18,3151,612,1755,1063,253,331,297223.00,-37326.00,102017.00,680606.00,1591.7667,916.8333,1146,336.7143,191082.00,525631.00,22510,67494,293,1610.6667
2026-06-17,588,217,147,333,81,102,-134141.00,3681.00,33057.00,255546.00,2048.8667,1122.5667,1431,369.7143,188430.00,50608.00,22693,67303,395.6667,1544
2026-06-16,3399,468,2156,941,242,212,212009.00,12974.00,57649.00,686632.00,1970.3333,1140,1070.5714,350.1429,241663.00,440698.00,22527,65766,304.3333,510
2026-06-15,845,194,470,266,42,143,12258.00,-17771.00,25727.00,79452.00,2196.3333,1158.6667,1068.7143,366,27045.00,57074.00,22378,65161,320.3333,823
2026-06-12,388,525,180,164,322,169,11097.00,36557.00,113725.00,138244.00,2209.0333,1151.1333,1265.2857,389,127172.00,101712.00,22658,66513,317.6667,934
2026-06-11,297,194,95,135,80,92,-6978.00,-1793.00,72340.00,92601.00,2216.4667,1152.3667,1275.5714,388.4286,69378.00,64193.00,22548,67809,402.3333,1696
2026-06-10,1784,242,77,1654,80,77,-36775.00,10996.00,64597.00,89421.00,2226.8667,1155.6333,1350,401,80492.00,32721.00,22627,67766,432,1393.3333
2026-06-09,721,517,235,336,290,124,-9750.00,72531.00,150915.00,169176.00,2235.5333,1171.4333,1299.7143,381.4286,172771.00,90490.00,22387,67513,361.3333,1430.3333
2026-06-08,2583,448,1422,892,164,176,102894.00,-16933.00,110912.00,373010.00,2197.4,1165.5,982.7143,367.4286,155295.00,275122.00,22075,66259,440.6667,1157.3333
2026-06-05,876,331,548,228,129,52,14242.00,20001.00,92391.00,70233.00,2232.3,1181.4667,1086.5714,430.5714,60569.00,54810.00,22633,68730,393.6667,988.3333
2026-06-04,832,305,492,221,133,106,91314.00,-2603.00,65816.00,204870.00,2259.2,1195.8,1064.5714,522.1429,55287.00,149204.00,22603,68189,402,1479.3333
2026-06-03,1764,686,1580,174,363,197,81523.00,21979.00,254344.00,134748.00,2316.3,1222.1667,895.5714,475.8571,114699.00,174243.00,22252,66822,300,1014.3333
2026-06-02,369,190,65,189,99,61,-52405.00,19367.00,34793.00,155433.00,2692,1300.1,994.2857,470,124904.00,53132.00,22129,66619,353.3333,1012.6667
2026-06-01,2305,330,1081,939,102,123,89730.00,1474.00,104786.00,418447.00,2717.8333,1309.4667,906.5714,476.1429,176516.00,264772.00,21928,64775,501,778.6667
2026-05-29,369,380,154,165,124,198,6278.00,-3306.00,32240.00,58705.00,2772.3667,1305.3333,983.2857,514.4286,34033.00,43617.00,22511,66489,689.6667,881.6667
2026-05-28,364,350,237,104,187,100,11254.00,10947.00,40992.00,59667.00,2796.2667,1402.3667,1078.5714,724.2857,42771.00,43078.00,22414,66186,693.6667,954
2026-05-27,1603,773,364,1199,186,523,-148819.00,-46475.00,94440.00,253402.00,2801.2333,1390.9333,1320.7143,892,218278.00,115934.00,21865,64770,485.6667,773
2026-05-26,678,946,202,420,216,619,-32523.00,3035.00,84239.00,145552.00,3021.2667,1372.2,1359.8571,920.5714,122027.00,86469.00,21117,64319,294.6667,1110.6667
2026-05-22,581,362,246,278,177,165,4613.00,5101.00,109222.00,129032.00,3136.2,1420.3,1422.2857,1143.7143,92271.00,91783.00,22595,66137,390,1219
2026-05-21,1060,149,402,325,55,62,17264.00,-6286.00,51374.00,849827.00,3650.1333,1498.4667,2061.5714,1820.1429,252328.00,275878.00,22584,65306,946.6667,1209.3333
2026-05-20,1691,373,938,173,271,76,45473.00,26418.00,60901.00,125034.00,3609.2,1499.1,2074.8571,1877.1429,63955.00,83010.00,22505,63830,1471.3333,1745
2026-05-19,906,648,322,449,409,136,-18182.00,105362.00,237968.00,196023.00,3630.9667,1562.1333,2093.7143,1887.7143,228850.00,105306.00,22003,63173,1637.3333,1760.3333
2026-05-18,1031,1819,473,480,404,1325,15048.00,-254750.00,362189.00,256720.00,3684.1,1598.1333,2227.8571,1921.4286,160898.00,430696.00,20843,62538,1672.3333,1756
2026-05-15,3298,1947,1646,1116,877,959,-6267.00,12153.00,139089.00,341472.00,3611.0333,1669.5667,2774.4286,2158.7143,209963.00,191543.00,24456,71936,2651.3333,2501.6667
2026-05-14,952,1146,367,381,780,304,-1165.00,23352.00,189138.00,275642.00,3622.3,1640.1333,4681.4286,2907.7143,197666.00,173149.00,25386,71714,2526.6667,2779
2026-05-13,1018,1924,474,372,439,1107,37785.00,-57494.00,217298.00,291287.00,3629.2,1585.8333,4685,2774.4286,149953.00,245232.00,25948,71224,2126,2785.6667
2026-05-12,5535,4884,1811,3629,2198,1567,56646.00,86334.00,610288.00,242458.00,3558.0667,1436.4667,4983.5714,2184.4286,349867.00,320179.00,23476,70119,1183,1597.3333
2026-05-11,1784,772,471,1037,422,109,-81646.00,41592.00,78322.00,218994.00,3555.2333,1418.9333,4838.5714,2116.8571,185382.00,62144.00,23205,68888,2128.3333,3377.3333
2026-05-08,1038,722,596,387,278,426,54924.00,10211.00,87946.00,120064.00,3543.0667,1398.3,4764.5714,2046.7143,78096.00,122809.00,26571,78926,4017.3333,7798.3333
2026-05-07,1970,2055,577,823,1254,719,-15423.00,40617.00,203029.00,663317.00,3510.2333,1348.1,4782.5714,1801.7143,303918.00,247878.00,25834,78246,3662.6667,7489.3333
2026-05-06,7124,3608,1527,5114,2410,750,-828754.00,157576.00,543981.00,1443058.00,3323.4333,1249.2,3905,1427.8571,1383972.00,397642.00,24936,73089,2711.3333,7656.3333
2026-05-05,14301,6389,8683,4973,1454,4453,716983.00,-245853.00,601489.00,1734595.00,2945.3333,1054.5333,2067.5714,553.7143,604569.00,1567405.00,20924,62183,681.3333,3145.6667
2026-05-04,1043,991,472,512,355,545,-7157.00,-25728.00,108478.00,229509.00,2973.7,1034.3667,2193.2857,527.8571,142993.00,161564.00,20661,61467,428,2971.3333
2026-05-01,7625,754,540,652,290,347,-128100.00,20936.00,426306.00,1725934.00,2745.6667,1082.1333,1338.1429,525.1429,528518.00,379482.00,21181,56943,290,1128.3333
2026-04-30,769,299,305,156,99,165,85387.00,-13690.00,62713.00,570126.00,2739.3333,1080.5,1725,693.4286,78906.00,177983.00,20972,56439,520.6667,1199
2026-04-29,520,231,228,90,42,181,64317.00,-35385.00,54559.00,220441.00,2740.8667,1096.2333,3313.5714,1021.5714,41559.00,141261.00,20802,56265,533.6667,1505.3333
2026-04-28,2096,340,1520,160,128,189,155582.00,-4598.00,59829.00,492506.00,2697.5667,1098.1,3454.1429,1060.2857,67725.00,227905.00,20584,54429,690.3333,1447.6667
2026-04-27,981,991,312,365,293,660,72793.00,-32519.00,187738.00,659789.00,2694.7333,1074.4,3600.4286,955.2857,245275.00,350587.00,20060,53979,605,1667
2026-04-24,1439,270,568,658,55,193,23787.00,-10241.00,34116.00,271905.00,2678.1,1099.9,3549.2857,1382.5714,84039.00,118067.00,21459,59991,1007.3333,2346.3333
2026-04-23,1923,810,590,913,409,286,-33078.00,94800.00,302130.00,468493.00,2650.2,1082.3333,3524.8571,1328.2857,332873.00,204995.00,21201,58477,1580,5585.3333
2026-04-22,1639,735,262,898,361,286,-183725.00,61470.00,509711.00,646843.00,2794.8667,1071.4667,4330.5714,1278.1429,549707.00,304512.00,20718,57819,1538.6667,6065.6667
2026-04-21,3477,1477,310,1796,292,1139,-695428.00,-998203.00,1125730.00,1763152.00,2758.9667,1043.0667,4409.4286,1325,857546.00,1160321.00,19376,55805,1131.6667,5575
2026-04-20,11640,2528,3821,1270,1720,760,658437.00,363440.00,553784.00,3492884.00,2507.4,974.0667,5100.5714,1320.1429,736318.00,1031315.00,17393,46117,1376,2055.3333
2026-04-17,3080,611,1217,1698,378,204,-127653.00,60795.00,88791.00,570619.00,2444.4,996.3667,4726.7143,1288.8571,395359.00,206911.00,23936,78220,1315.6667,1612.6667
2026-04-16,2005,256,989,536,178,64,-66270.00,49263.00,64372.00,367176.00,2397.8,999.7667,4663,1615,175108.00,59575.00,23793,76969,1358.3333,3370.6667
2026-04-15,1081,3261,402,370,528,2702,5941.00,-714091.00,880020.00,379506.00,2374.8667,896.6,4883.5714,1563.2857,209442.00,929474.00,21184,76543,873,4353.3333
2026-04-14,1752,430,921,551,166,224,68454.00,-9556.00,58780.00,762391.00,2351.8667,888.8,4791.2857,2086.1429,280018.00,358028.00,20976,75214,1561,9262
2026-04-13,7279,384,1314,5639,181,156,-2445086.00,4387.00,51831.00,3133826.00,2140.8,955.9667,3935.7143,2068.8571,2756215.00,306742.00,20799,78609,1563.6667,6990
2026-04-10,4029,1805,2329,1506,317,1360,139672.00,-81927.00,188149.00,745622.00,2043.9,979.8,3535.1429,1853.1429,331541.00,553140.00,21100,76695,1808.3333,6166.6667
2026-04-09,16478,2494,1216,1957,683,1524,106622.00,-68466.00,325660.00,1773837.00,1511.8,901.7,1667,1554.4286,203552.00,378640.00,19633,62855,1943.3333,1549
2026-04-08,463,392,109,241,196,188,-20188.00,-744.00,36981.00,246958.00,1663.5,902.7333,1843.5714,1533.5714,115244.00,95800.00,19424,62742,3176,1763.3333
2026-04-07,1559,2539,456,717,352,2141,-94151.00,-574039.00,733917.00,717032.00,1650.5667,861.4,1717,1185.5714,372963.00,852851.00,17162,62300,2417.3333,1673.6667
2026-04-06,2625,2899,1692,684,175,5143,179510.00,-114252.00,106441.00,673314.00,1605.1667,785.0333,1482.7143,849.8571,193284.00,432046.00,18905,61039,1549.3333,1207
2026-04-02,1106,4090,313,671,2711,414,-21612.00,160049.00,353302.00,214264.00,1616.8,748.5333,1541.8571,357.1429,301566.00,119905.00,15287,61733,320.3333,1972
2026-04-01,1290,263,604,411,111,123,90683.00,-3869.00,35245.00,437602.00,1584.8667,757.2333,1780.1429,398,102300.00,196852.00,15198,61169,314.6667,2108.3333
2026-03-31,1225,295,509,528,64,185,-36044.00,-35617.00,126853.00,523830.00,1585.6333,814.3333,1875.7143,411,222615.00,222188.00,15073,60538,250.6667,1924.3333
2026-03-30,3401,403,1274,1957,186,190,68422.00,-21046.00,84357.00,375905.00,2567.7667,1000.9,1501.8571,665.8571,126952.00,216420.00,15023,60266,299.3333,1119
2026-03-27,1699,246,322,1189,108,98,-94658.00,-4832.00,69710.00,234010.00,3544.7333,1525.1,1341.8571,666.4286,173948.00,84122.00,15898,61142,431,1059.3333
2026-03-26,673,103,265,294,33,33,22597.00,-2102.00,28580.00,286994.00,3961,1612.4,1326.5714,752.1429,91160.00,115859.00,16062,60820,579.6667,1821
2026-03-25,985,549,329,528,164,110,29675.00,50770.00,435524.00,538753.00,4025.9667,1660.2,1299.7143,730.2857,290196.00,269101.00,15667,60355,525.3333,2124
2026-03-24,1520,641,490,684,470,161,87450.00,50362.00,92112.00,461275.00,4009.0667,1653.2667,1210.5714,678.7143,178217.00,215305.00,15242,59309,1040.6667,1878.6667
2026-03-23,2958,549,609,2103,262,236,-88252.00,-56311.00,135248.00,401367.00,3942.8,1667.8667,922.2857,748.1429,251998.00,220057.00,14955,56938,941,1085.6667
2026-03-20,1894,386,683,1139,182,182,-47240.00,-24342.00,125576.00,289274.00,3906.4667,1672.4,806.8571,733.4286,209884.00,186986.00,23438,67978,1046.6667,643
2026-03-19,784,2187,322,385,893,1237,-21684.00,-980991.00,1245565.00,230583.00,3981.5333,1612.0333,1549,479.4286,243613.00,1202920.00,24211,67836,449.6667,647.3333
2026-03-18,579,250,270,249,111,120,4038.00,-7644.00,56732.00,150608.00,3980.6,1632.5667,1809.1429,533,81324.00,93006.00,24165,67658,459.6667,753
2026-03-17,566,703,227,233,399,291,8303.00,77928.00,103732.00,92524.00,4061.2667,1647.2333,2313,498,124023.00,54398.00,23928,67466,570.3333,877.6667
2026-03-16,797,396,299,463,112,235,3431.00,-12782.00,51411.00,148758.00,4044.2667,1671.6333,2369.1429,624.2857,79248.00,95461.00,23972,67227,532.6667,974
2026-03-13,896,280,548,291,48,189,18562.00,-13296.00,50849.00,139565.00,4036.3,1721.4333,2327.8571,635.4286,68903.00,100761.00,24599,69522,575.6667,2668.3333
2026-03-12,940,1035,549,348,179,104,15990.00,7285.00,131853.00,193494.00,4069.2,1721.1,2249.7143,511.2857,92796.00,101501.00,24967,68943,439,3155
2026-03-11,1086,283,464,488,105,123,-12456.00,2741.00,66894.00,386933.00,4071,1863.6,2246.2857,498.8571,147767.00,132570.00,25159,68642,497.3333,4157.3333
2026-03-10,5979,409,1593,3947,227,176,-1087736.00,17935.00,47388.00,3035951.00,3952.5333,1855.9333,1527.4286,783.1429,1904750.00,799079.00,24821,64268,787.6667,2561
2026-03-09,2400,625,751,1276,311,278,-108977.00,63532.00,123307.00,585963.00,4056.4333,1898.1333,1344.8571,1053.8571,346507.00,173998.00,24436,63362,698.6667,1963.3333
2026-03-06,4093,458,1985,1987,191,148,107062.00,18925.00,179689.00,315820.00,3946.4667,1994.8667,833.7143,1010,155646.00,243783.00,25044,61523,601.3333,730
2026-03-05,1190,1280,337,781,205,1029,-7109.00,-93174.00,183226.00,169626.00,4002.6667,1968.9667,1380,887.5714,114111.00,200176.00,24051,60860,240,687.3333
2026-03-04,607,358,310,245,72,230,23203.00,373.00,82581.00,124719.00,4012.4,2005.1667,1460.5714,1022,78900.00,101730.00,24057,60831,920.3333,800.6667
2026-03-03,393,166,129,193,22,132,-27144.00,-8520.00,24973.00,94586.00,4142.9333,2157.5667,1584.8571,1085.1429,58304.00,39680.00,23958,60765,1705,1043.6667
2026-03-02,1062,196,362,620,50,85,-2111.00,-2732.00,45200.00,136895.00,4364.2667,2349.0333,1641,1485,75792.00,76413.00,23845,60149,1690,861.3333
2026-02-27,947,2399,528,311,1074,700,54110.00,145133.00,399447.00,200356.00,4363.4667,2307.8333,1553.1429,1217.1429,288878.00,197855.00,25698,61170,1031.3333,2217
2026-02-26,1122,2520,517,539,636,1752,66597.00,-140460.00,276118.00,275821.00,4350.8333,2261.5333,1571.1429,1144,157596.00,364653.00,23558,60460,624.3333,2233.3333
2026-02-25,515,151,193,232,22,118,-24350.00,-29379.00,40544.00,188054.00,4409.0667,2350.9667,6192.5714,1979.5714,94267.00,99296.00,23742,60255,776.6667,2482.6667
2026-02-24,5014,423,1587,2771,139,271,283789.00,-10389.00,42049.00,795147.00,4343.7,2504.9667,9906,4200.8571,236484.00,530662.00,23470,57145,1634,1296.3333
2026-02-23,1171,1299,421,656,961,234,-103195.00,79539.00,254138.00,300451.00,4337.3667,2485.3667,11618.8571,4404.1429,352499.00,169765.00,22501,56413,1375.6667,1016.6667
2026-02-20,1263,608,752,415,134,345,19600.00,-66839.00,140779.00,202762.00,4321.5333,2481.3,11857.5714,4600.5714,114226.00,200665.00,28366,69656,1842.3333,1011.6667
2026-02-19,1455,2995,386,498,645,2279,-4407.00,-1160068.00,2253742.00,181079.00,4330.7667,2396.9,11794.4286,4234.5714,596045.00,1751706.00,30040,69522,2844,11481.6667
2026-02-18,332,524,143,148,207,241,18747.00,32777.00,111187.00,62526.00,4361.5333,2407.4,11885.5714,4300.7143,81674.00,67644.00,29921,69388,7993.3333,21707
2026-02-17,1248,2008,766,396,897,1014,173119.00,22229.00,334662.00,362601.00,4440.2333,2385.6,11822.1429,4088.4286,254849.00,405739.00,28940,69261,8231.3333,25678
2026-02-13,32865,6000,14838,14644,3413,2227,-836976.00,85481.00,1189288.00,5767614.00,3398.7667,2196.3,7560.8571,3285,3544167.00,2621710.00,39108,96700,6892.3333,15701
2026-02-12,31008,15972,11072,15979,6383,5264,443756.00,176129.00,3271952.00,3127133.00,2391,1686.6667,3209.8571,1127,2408051.00,2675034.00,27317,69224,1712.6667,5702.6667
2026-02-11,13161,2722,6150,6072,704,1851,58733.00,-193195.00,639896.00,1909833.00,1977.7333,1613.3667,1756.2857,901.4286,1085353.00,1337281.00,25733,60655,1134.3333,1639
2026-02-10,2934,1983,2104,787,291,1569,175997.00,-20102.00,312822.00,359929.00,1904.8333,1562.1667,1378.1429,779.2857,220026.00,416125.00,24092,58032,647.3333,929
2026-02-09,1013,433,398,526,132,236,9403.00,-42469.00,156354.00,336950.00,1890.5333,1590.9333,1327.2857,970.8571,191796.00,243668.00,24006,57572,628.3333,1603.3333
2026-02-06,970,987,383,560,369,520,5161.00,-268146.00,747343.00,105021.00,1930.2667,1633.2,1464,976.2857,261296.00,534603.00,24149,57584,588,1463.6667
2026-02-05,804,522,281,419,115,337,-154084.00,-54406.00,158069.00,528256.00,1936.6333,1664.0667,1512,1552.8571,365774.00,266096.00,24531,57623,795,2191
2026-02-04,3036,376,535,923,239,51,17785.00,43209.00,93015.00,341859.00,1939.6667,1673.8,1424.7143,1524.7143,121974.00,96550.00,24262,57700,1045.6667,1274.6667
2026-02-03,551,866,116,383,228,592,-46818.00,-44426.00,211041.00,81921.00,1966.2333,1721.2333,2134.1429,1671.1429,131427.00,129035.00,24598,57405,1348.3333,1310
2026-02-02,2986,1143,383,2463,853,160,-187792.00,50272.00,144807.00,497453.00,1999.5667,1783.7667,1821,1987.8571,422067.00,184003.00,23791,54779,1309,957
2026-01-30,287,1128,63,203,821,179,-34769.00,151171.00,282656.00,67754.00,2048.3333,1762.5333,2190.8571,1898.5714,248105.00,62165.00,27336,57288,2452.3333,1241.3333
2026-01-29,657,1774,465,131,1416,173,58323.00,368272.00,516709.00,150257.00,2095.8667,1711.1667,2225.4286,1851.4286,462810.00,152861.00,27430,56796,1920.6667,1830.6667
2026-01-28,1927,1025,270,1629,319,324,-98679.00,-68249.00,176386.00,218787.00,2076.2333,1684.6667,2565.7143,2381.8571,191989.00,161559.00,27701,55637,2209.3333,3027.3333
2026-01-27,1140,4558,441,597,2577,1804,-17654.00,-100448.00,858706.00,223509.00,2394.4,1552.9667,3503.1429,2579.2857,477943.00,560737.00,25580,55170,1810,2912
2026-01-26,2425,179,523,1836,36,134,-158537.00,-21699.00,42561.00,292527.00,2812.9667,1676.3333,3288.5714,2719.8571,230273.00,93435.00,25511,55540,1918,3062.3333
2026-01-23,5517,1891,2648,2604,1116,692,151216.00,139757.00,258770.00,774340.00,2853.5,1904.3333,2606.5714,2611.2857,488088.00,499547.00,26253,52965,1769,1523
2026-01-22,794,3360,200,527,1604,1541,-117901.00,-97798.00,635409.00,241148.00,2955.3333,1829.4333,2816.2857,2536.1429,430295.00,410192.00,24385,52687,2228.3333,2694.6667
2026-01-21,2876,503,1586,1016,355,119,10418.00,32489.00,61541.00,297263.00,2930,1869.7667,2841.5714,3184.7143,172615.00,150544.00,24010,50157,4040.6667,4303.3333
2026-01-20,899,1444,401,421,362,788,17996.00,-38391.00,219517.00,145390.00,2957.0667,1913.8,2853.2857,3080,127615.00,184002.00,23050,50008,3947,4311.3333
2026-01-16,4309,4738,376,3728,927,3379,-1105814.00,-1145945.00,1605859.00,1375021.00,2853.5667,1789.2667,2350.2857,2472.5714,1351002.00,1391133.00,47172,79288,2744.6667,3122.6667
2026-01-15,7702,5940,452,2607,1764,4076,-522459.00,-1344261.00,1897201.00,1602621.00,2695.9333,1677.4333,1497.4286,1690.1429,842470.00,1664272.00,47222,74834,1709.3333,1309.3333
2026-01-14,923,1163,404,425,326,497,18655.00,-13632.00,163204.00,228440.00,2736.2333,1680.4667,1544.8571,1643.8571,132291.00,164578.00,49770,74250,3002.6667,2019.3333
2026-01-13,743,1131,189,536,293,739,-56204.00,-116216.00,274540.00,112168.00,2738.3,1660.7333,1954.2857,1675.7143,154973.00,214985.00,49731,74148,2862.6667,2098.6667
2026-01-12,2262,2834,371,1320,738,1675,-157743.00,-148422.00,416201.00,474291.00,2876.8333,1610.9333,1862.7143,1316.7143,372379.00,363058.00,48941,73833,2080,1607.3333
2026-01-09,3053,5043,430,2221,2141,2784,-96841.00,-274736.00,1212653.00,334456.00,3009.1,1518.3,1537.2857,693.8571,612117.00,790012.00,50005,76294,553.3333,1167
2026-01-08,981,711,359,407,397,283,-63561.00,10157.00,105806.00,478994.00,3174,1540.9333,1506.1429,667,279009.00,205291.00,50874,76124,596,1258.3333
2026-01-07,788,486,96,562,37,446,-74541.00,-9557.00,18422.00,134834.00,3432.9,1566.2,1500.2857,661.4286,100080.00,35096.00,51053,75746,885.3333,2198.6667
2026-01-06,1732,463,584,1040,167,205,-45946.00,-8965.00,61030.00,238306.00,3440.2,1761.1667,1336.2857,780.4286,139716.00,102735.00,50840,75650,838,2161.6667
2026-01-05,1255,839,548,648,159,654,38603.00,-46233.00,81099.00,176899.00,3428.6667,1744.5667,1465.8571,982.7143,78371.00,163207.00,50126,75379,786,2001.6667
2026-01-02,3609,1354,372,1669,553,458,-120193.00,-10311.00,234464.00,303203.00,3469.6,1764.5333,1092.4286,996.1429,243272.00,133390.00,50638,75913,509,1053
2025-12-31,1621,321,766,574,155,126,110500.00,-9463.00,46911.00,931127.00,3548.8667,1781.3333,1307.5714,1045.7143,268680.00,388643.00,50507,75120,551,761.6667
2025-12-30,775,683,652,98,223,437,5894.00,-12494.00,105010.00,75319.00,3816.3333,2064.3,1389.4286,1275.1429,72438.00,90826.00,50089,74550,755.3333,698
2025-12-29,763,523,238,387,187,294,-11809.00,-7637.00,176534.00,101352.00,4105.1,2116.9667,1849.8571,1631.7143,125514.00,121342.00,49720,74270,1332.6667,1164.3333
2025-12-26,747,447,246,432,191,221,10910.00,24172.00,70295.00,115899.00,4383.4,2160.3,1993.1429,1638,80333.00,67071.00,50017,76529,1666.3333,1247
2025-12-24,584,1296,234,207,230,1042,18789.00,-12744.00,166329.00,334392.00,5366,2266.4333,2207.2857,1486.1429,192889.00,224422.00,49153,76229,1457,2094.6667
2025-12-23,2162,2255,1575,469,1900,300,212496.00,190412.00,302989.00,371692.00,6288.5,2819.2333,2089.5714,1196.8571,312216.00,334300.00,47122,74500,1468.3333,1823.3333
2025-12-22,995,1448,518,416,515,699,139603.00,-55910.00,364873.00,301639.00,7457.3333,3633.8,3473.8571,1076.7143,214587.00,410100.00,46342,74183,1992,2820.3333
2025-12-19,3127,668,1489,1383,338,277,39488.00,5547.00,104781.00,804047.00,7530.8333,3684.4,5167.4286,1535.5714,396396.00,430337.00,52910,83756,1933,2361.3333
2025-12-18,1348,2289,549,723,674,1396,-54026.00,-14540.00,219285.00,308393.00,7952.4,3678.7667,5936.7143,2455.8571,251207.00,211721.00,52193,83469,1247.6667,2606.3333
2025-12-17,3986,3019,2325,1467,110,275,69149.00,-27570.00,566831.00,454326.00,7992.7667,3663.0667,5917.1429,2183.5714,172374.00,269093.00,49478,81260,318,1723.6667
2025-12-16,1750,491,717,725,247,188,-36853.00,22517.00,76998.00,357475.00,8089.4667,3685.4333,5969.4286,2358.1429,192074.00,132704.00,49340,81087,356.6667,4702
2025-12-15,2083,233,745,1125,124,77,-264861.00,21253.00,40148.00,625631.00,8599.7667,3738.9333,5916.2857,2719.8571,438194.00,152080.00,49278,80492,1572.3333,9001.6667
2025-12-12,1338,230,528,661,125,94,61746.00,6022.00,28858.00,567274.00,8574.9,3816.3667,5897.1429,2830.1429,238844.00,294568.00,53187,84438,4406,10800
2025-12-11,10685,607,614,2203,224,301,-16199.00,-16615.00,119608.00,2453928.00,8252.0667,3806.7333,4795.4286,3112.7143,285630.00,286046.00,52937,76262,4574.6667,8521.3333
2025-12-10,14982,3880,2644,1163,2170,486,277105.00,414957.00,791946.00,2205671.00,7783.7,3715.3333,2959.7143,2737.5714,860617.00,722765.00,51881,66593,3852.3333,4232.6667
2025-12-09,6733,8731,4149,1842,2963,4960,206147.00,-250569.00,1265811.00,1829541.00,7805.3333,3466.2333,2112.8571,1567.2857,1125073.00,1581789.00,46634,62671,1863.6667,2558.6667
2025-12-08,3849,1113,1359,1128,193,847,-18153.00,-142525.00,211573.00,2212183.00,7778.5,3540.7,2479.8571,1599.7143,855832.00,980204.00,45822,62153,1826.6667,1677
2025-12-05,2116,1713,906,734,935,692,56214.00,60719.00,196377.00,473042.00,7811.5,3729.9333,3180.5714,1678.4286,283847.00,279342.00,46809,64646,2117.3333,1962.6667
2025-12-04,1711,2765,971,514,919,1561,72350.00,-6199.00,416643.00,268224.00,7799.7,3669.9,3783,1482,258109.00,336658.00,45743,63876,1613.6667,2103
2025-12-03,1204,1002,483,503,425,516,23147.00,-30651.00,123986.00,346489.00,7849.2667,3699.7,4833.1429,1516.5714,163866.00,217664.00,45393,63495,1459.3333,1970
2025-12-02,2973,2585,2068,542,1575,833,148468.00,225786.00,509687.00,862980.00,7852.1333,3630.3333,4687.1429,2049,686515.00,609197.00,43771,61612,1044.3333,3118.3333
2025-12-01,2132,1254,1568,370,709,431,135563.00,19209.00,192577.00,332073.00,7908.3333,3709.8,4512.4286,1918.5714,176888.00,293242.00,43101,60532,1381,4748
2025-11-28,805,539,350,330,211,267,-15891.00,1623.00,64910.00,133653.00,7985.1,4049.9667,5088.4286,2120.5714,94046.00,76532.00,43888,66692,1664.6667,6455.6667
2025-11-26,6418,1340,3009,2235,770,412,176336.00,76084.00,326991.00,1289274.00,7876.2667,4087.6667,4742.8571,2047,679364.00,779616.00,42841,66638,1632.6667,7168
2025-11-25,7021,2264,4419,2116,1449,511,394487.00,294499.00,498189.00,813419.00,7707.1,4168.5333,4996.8571,3033.8571,551260.00,651248.00,41484,63412,2982,5478
2025-11-24,5928,1390,3719,1724,1035,311,147757.00,31296.00,135095.00,832682.00,7604.8667,4226.7667,5496.5714,3135.7143,396588.00,513049.00,40646,60474,2632.3333,3805
2025-11-21,8555,1244,2482,1413,620,568,99654.00,4118.00,124784.00,671011.00,7477.3333,4227.0333,5573.8571,3207.5714,211207.00,306743.00,53758,82402,2868.6667,2565.6667
2025-11-20,1951,6312,990,873,4042,1679,118688.00,1391050.00,2772576.00,532966.00,7485.1333,4034.9333,9589.7143,2945.8571,2139492.00,867130.00,55439,81969,1039.6667,3248.3333
2025-11-19,909,341,375,354,174,132,1396.00,14504.00,36699.00,169581.00,7606.8667,4091.3667,13722.2857,5588.4286,91724.00,78616.00,55407,81920,3983.3333,5878.3333
2025-11-18,4837,1953,3271,748,1155,580,331545.00,208426.00,335864.00,1062108.00,7687.9,4069.1,18182.7143,9007.2857,554084.00,677203.00,54517,78546,4033.3333,7408
2025-11-17,3999,825,1739,1065,443,304,247725.00,49357.00,104557.00,1017272.00,8425.3,4090.5667,18373.1429,9201.7143,280928.00,479296.00,56430,76812,4340.6667,9107
2025-11-14,8799,9172,4155,4225,1104,1846,331661.00,36197.00,1073954.00,1493725.00,8642.6,4035.2333,19115.4286,8194.2857,788365.00,1083829.00,72119,97786,2776.6667,16194.6667
2025-11-13,9426,2103,3647,5512,267,1704,-81443.00,-1114870.00,1227176.00,1177871.00,8676.3333,4262.4,18511.2857,8257.8571,651035.00,1684462.00,71973,99379,8355.3333,22998.3333
2025-11-12,9096,1747,4021,4726,918,746,-156937.00,42876.00,184845.00,1922112.00,9175.1667,4297.3333,17876.2857,8174.2857,1120350.00,920537.00,71371,97722,16401.3333,31986.3333
2025-11-11,30062,4480,15864,12641,2469,1500,522685.00,73510.00,517671.00,4566121.00,8413.4667,4491,16066.2857,7796.8571,2171716.00,2620891.00,72141,99694,15636.6667,23743
2025-11-10,29837,18839,9515,17903,4513,9430,-500293.00,-846527.00,2693476.00,3142179.00,8057.3667,4163.6667,11888.4286,5470.2857,2162023.00,2508257.00,74830,101212,10063.6667,18462.3333
2025-11-07,36060,25885,26917,7956,6612,9935,2834881.00,-125550.00,4035253.00,5496278.00,6876.4333,3439.9667,6879.8571,1817.8571,2437245.00,5397676.00,60557,78512,2284.6667,8174.6667
2025-11-06,5332,2186,2781,1937,1050,977,293902.0000,-229836.00,678939.00,785237.0000,6730,3407.9,6251.1429,1668.1429,420259.00,943997.0000,59941,74082,1943.3333,7947.6667
2025-11-05,13995,2120,9359,1577,567,1497,592054.00,-99659.00,313304.00,1127505.00,6288.8667,3392.4667,5306.4286,1545,314898.00,1006611.00,57998,62571,1849.3333,9080
2025-11-04,5197,2548,809,4221,1092,1405,-436852.00,-45399.00,588084.00,1252120.00,6179.2,3318.4333,4998.8571,1659.1429,1094609.00,703480.00,58048,64069,1851,7545
2025-11-03,4651,1162,3103,1465,662,411,280095.00,73380.00,252478.00,737636.00,6151.7333,3331.6,4778.1429,2548.8571,367997.00,574712.00,57966,60806,1569.6667,6328
2025-10-31,17392,1838,5060,11384,492,995,79292.00,-103777.00,301843.00,2058256.00,6158.8333,3437.0667,2487.4286,2424,1030125.00,1213194.00,58887,64211,1336.3333,841
2025-10-30,592,2553,286,182,1414,622,10802.00,87868.00,326614.00,94669.00,6201.7,3373.5,2787.2857,2330.1429,205767.00,128701.00,57842,63945,904.6667,3104.3333
2025-10-29,1000,318,527,434,150,101,146590.00,10221.00,45055.00,226787.00,6249.8667,3380.7,3081.4286,2356.7143,53429.00,189798.00,57769,63373,1914.3333,3785.6667
2025-10-28,931,1138,560,329,884,141,9000.00,263114.00,332546.00,110216.00,6286.8,3368.8,3493.8571,2713.8571,334008.00,79894.00,57036,63025,3998.3333,4510.6667
2025-10-27,7382,1258,650,6672,451,639,-14319.00,-19949.00,231710.00,541318.00,6115.4667,3341.1667,2883.2857,4069,363869.00,370099.00,56451,64401,3900.3333,2502.3333
2025-10-24,3044,3347,786,1938,441,2730,24234.00,14982.00,406448.00,271162.00,6173.2333,3255.9333,2898.8571,3943.8571,295864.00,305116.00,59213,66441,3416.6667,2384.6667
2025-10-23,3106,7390,783,2085,3834,3415,-58477.00,-606979.00,4991215.00,252981.00,6380.8667,3032.1,2733.1429,3558.1429,1601642.00,3567144.00,55785,67188,1121.3333,2369
2025-10-22,1357,964,498,752,216,623,-78310.00,-178030.00,337554.00,184335.00,7061,3136.1667,2948,3868.5714,183259.00,282979.00,55609,66826,2012.6667,3189.3333
2025-10-21,2691,1896,1398,1080,1581,268,187833.00,77754.00,159509.00,529897.00,7100.8,3093.6333,3239.1429,3776.5714,269116.00,379195.00,54052,65921,4962,3328.3333
2025-10-20,3059,504,2050,895,276,206,16683.00,16491.00,70223.00,215363.00,7022.2667,3107.8333,3114.2857,3783,133522.00,133714.00,53872,63518,5617.6667,3359.6667
2025-10-17,3818,3638,991,2472,1862,1452,-115244.00,1149184.00,1429279.00,368022.00,6925.7667,2998.3667,3220.4286,3553.8571,1494337.00,229909.00,66089,86395,5968.3333,2735.6667
2025-10-16,3108,10744,1246,1319,9360,1060,-72674.00,6139803.00,6690982.00,528796.00,6867.3,2668.6333,3814.7143,2202.5714,6653530.00,441053.00,69865,86678,3432.6667,2653.3333
2025-10-15,3153,2471,1193,1375,1543,851,-573.00,68060.00,303214.00,507580.00,6814.5333,2610.3667,7095.8571,2059.4286,391096.00,323063.00,68313,84442,3026.3333,3178.6667
2025-10-14,1946,4690,579,1233,2162,2431,-77237.00,-91349.00,1357466.00,313322.00,6820.7667,2471.5667,9006.1429,2462.5714,805338.00,819450.00,68265,84036,1646,3258.3333
2025-10-13,2861,3137,980,1640,1449,1297,45583.00,-30510.00,363076.00,328887.00,6753.8,2396.1333,10088.5714,3288.4286,259780.00,335873.00,67146,83875,1278.3333,3825
2025-10-10,4729,1252,988,3443,765,364,-118847.00,40096.00,259595.00,451468.00,6620.3,2364.4,12850.2857,3508.8571,406843.00,247900.00,69642,97613,1289.3333,4671.3333
2025-10-09,2185,549,980,816,152,316,-72397.00,-57484.00,152151.00,248592.00,6602.4,2403.0667,13568.2857,4900.4286,180588.00,165675.00,69430,96835,1596,12650
2025-10-08,4561,2034,2633,1634,328,692,-36128.00,30202.00,156067.00,657094.00,6512.6333,2997.5333,15653,5898.2857,383883.00,317553.00,67895,95396,3422,16235.6667
2025-10-07,7268,1285,4184,1844,578,639,56608.00,-21262.00,303603.00,935470.00,6342.5,3127.9333,14705,6311,504644.00,582514.00,67565,93984,5966.3333,17292.3333
2025-10-06,26121,1469,10726,11444,598,719,234703.00,-100898.00,356467.00,2591015.00,5567.6,3194.5667,11107.5714,6276,1168508.00,1504109.00,66893,93487,6408.3333,16605.6667
2025-10-03,15318,7512,8653,5935,715,3146,453.00,-355194.00,2643558.00,1263867.00,5159.7333,3059.7333,9028,5439.5714,752334.00,1107981.00,68507,86879,7334.3333,13903.3333
2025-10-02,10438,8918,3308,5807,5393,3200,-549568.00,333892.00,1686012.00,1761131.00,4898.3667,2797.5667,7809.2857,4212.2857,2032204.00,1148744.00,69128,86178,7368,16808.6667
2025-10-01,24061,2795,12687,10392,865,1250,911988.00,74101.00,723935.00,3005767.00,4194.4667,2771.4333,4918.7143,4035.4286,1195545.00,2033432.00,68153,67200,7827.6667,8999
2025-09-30,7211,10290,3243,3010,4153,4983,172950.00,-395054.00,2119633.00,1382329.00,4102.1667,2464.6333,6403.5714,3280,1323329.00,1891333.00,63096,62985,4805.6667,6908.3333
2025-09-29,19154,9019,12879,5265,3239,5210,1117520.00,-301018.00,1444588.00,2451715.00,3616.4,2250.3333,3935.5714,2083.8571,1106305.00,2524843.00,56229,48871,2351.6667,777.3333
2025-09-26,632,4174,222,307,1748,855,2402.00,64332.00,285041.00,70092.00,3761.7,2564.1333,4194.5714,1563.8571,168249.00,106319.00,57715,52821,1069.3333,1202.3333
2025-09-25,939,1224,437,337,493,603,-925.00,-134048.00,370957.00,142045.00,4151.1333,3012.7667,4351.7143,1500.5714,169262.00,302385.00,57722,52433,1180.3333,2165
2025-09-24,761,1657,279,300,540,1031,17686.00,-140635.00,344309.00,146925.00,4328.3,2981.1,4563.2857,1325.1429,126479.00,284800.00,56608,52411,2295.3333,7779.6667
2025-09-23,1907,327,398,1219,105,152,58538.00,2591.00,68411.00,251096.00,4359.5,2977.1,4973.2857,1391.2857,109005.00,164952.00,56504,51625,2401.6667,7770
2025-09-22,3827,1557,1484,1497,535,880,2883.00,-24643.00,292003.00,550030.00,4968.8,3185.2,5760.1429,1265.2857,353746.00,381272.00,55686,51014,2060.6667,7309.3333
2025-09-19,17605,5002,14062,2329,2118,2487,1048631.00,162602.00,742224.00,1816446.00,5494.7,3356.8667,6353.8571,1134.4286,724858.00,1610887.00,59384,53900,653.6667,2120.6667
2025-09-18,1878,646,1018,655,331,217,-10618.00,47547.00,177240.00,162873.00,5473.0667,3389.6,6640.5714,1130.7143,164469.00,106304.00,59097,53732,581.3333,2242
2025-09-17,2445,534,792,1486,276,233,-30931.00,27852.00,143465.00,154439.00,5419.5667,3420.7667,6391.7143,1187.2857,168126.00,109343.00,58795,52658,666.6667,3019.3333
2025-09-16,2039,781,883,1054,370,346,-26612.00,-5208.00,111894.00,182817.00,5521.8333,3432.8333,6232.2857,1126.2857,145505.00,124101.00,58331,51867,631.3333,5451.3333
2025-09-15,2242,429,774,1237,71,275,-120530.00,-48376.00,83663.00,385965.00,5623.2333,3449.7333,6105.4286,1186.7143,237956.00,165802.00,58097,52245,1850.3333,11957.6667
2025-09-12,4777,790,1578,2819,317,326,10168.00,25093.00,111114.00,556744.00,5491.7,3472.9333,5647.2857,1177.1429,308229.00,293304.00,59155,56509,1793.6667,11660.3333
2025-09-11,9335,675,3230,5382,451,177,-333100.00,48249.00,113330.00,1124025.00,5248.5333,3534.4667,4618.4286,1155.8571,771017.00,389668.00,58958,53693,1878.6667,8783
2025-09-10,21761,4086,11659,8472,604,3366,73061.00,-102363.00,246169.00,2973738.00,4576.2,3407.5,1631.4286,697,1399944.00,1575368.00,59097,43979,634.6667,1837
2025-09-09,3885,620,1470,1650,155,279,59153.00,-21411.00,106385.00,240417.00,4532.2667,3567.9667,1179.8571,651.2857,83559.00,164123.00,58876,42041,712,993.3333
2025-09-08,703,930,289,295,206,599,-25647.00,-23032.00,128079.00,109903.00,4555.4667,3550.7,1314.8571,762.5714,91371.00,88756.00,58264,41795,643,1282.3333
2025-09-05,923,354,365,374,60,228,-7684.00,-23669.00,42803.00,141743.00,4538.5667,3545.9333,1449.8571,3550.2857,64218.00,80203.00,58934,42598,700.3333,1685.6667
2025-09-04,1354,852,284,802,364,370,-31893.00,56934.00,161700.00,195728.00,4513.2333,3527.3,1565.5714,4171,184095.00,95268.00,58402,42294,707.6667,1518.3333
2025-09-03,1570,723,872,502,95,438,45263.00,-27934.00,89239.00,218282.00,4534.2333,3526.3333,1751.8571,4563.1429,84372.00,157569.00,58038,41543,566.6667,1236.3333
2025-09-02,2133,526,567,769,140,283,19697.00,-23064.00,86707.00,296780.00,4514.5333,3517.6667,1887.4286,4983.2857,118245.00,161492.00,57694,39810,961,1074.6667
2025-08-29,852,874,403,350,377,339,606.00,9877.00,76275.00,252245.00,4520.2667,3526.5333,2136.7143,5008.8571,148948.00,139677.00,60806,41891,7292.3333,1413.3333
2025-08-28,724,300,375,254,35,157,655.00,-13505.00,39165.00,104312.00,4611.4,3570.0667,2453.8571,5253.2857,49076.00,63236.00,60719,41625,8924.6667,1893.3333
2025-08-27,1648,1709,672,779,885,711,-168288.00,42616.00,340436.00,395090.00,4658.8667,3573.9667,2853,5164.2857,447620.00,236716.00,59971,40990,9511,2302
2025-08-26,1868,19868,646,1100,13556,5465,-107118.00,-600870.00,4169362.00,212279.00,4855.7333,2976.9333,3240.5714,2696,1902712.00,2396464.00,40951,40766,4044,2706.6667
2025-08-25,2164,5197,1251,634,3471,1147,15091.00,771146.00,1392085.00,488257.00,4829.1667,2820.4333,3644.4286,3894.7143,1230246.00,474191.00,38213,40045,2662.6667,2851
2025-08-22,2874,3468,796,1949,1059,1752,-20163.00,-632.00,261194.00,226568.00,4849.1667,2716.3333,5037,5496.8571,222679.00,203148.00,41444,43298,2177,2874.3333
2025-08-21,3082,3467,2136,651,1412,1534,66455.00,-163793.00,641290.00,294935.00,5009.3667,2618,5464.7143,5102.5714,307351.00,537599.00,40957,41462,1383.3333,3327.6667
2025-08-20,2597,1053,987,1320,459,501,-107184.00,-14959.00,116161.00,378807.00,4937.1333,2671.9333,5499.8571,4981.7143,273819.00,181594.00,40672,41083,1895.6667,3989
2025-08-19,2944,2011,1107,1385,1142,694,-5684.00,69393.00,346648.00,523456.00,4908.3667,2624.0667,8237.2857,5808.7143,399743.00,324666.00,39318,40806,5754.6667,4671.3333
2025-08-18,4442,1086,2190,1346,314,648,119624.00,-30588.00,119928.00,881835.00,4995.1333,2624.0333,12371.5714,7103.8571,349633.00,499845.00,39144,39524,10287,7398
2025-08-15,4581,2590,1783,2061,741,1165,61248.00,-13624.00,409167.00,682746.00,4913.6667,2543.4333,11892.7143,6966.4286,383988.00,458860.00,57437,53638,9659.3333,7896.3333
2025-08-14,4991,13588,2219,1933,7236,4713,59416.00,-331705.00,3940380.00,793041.00,4867.9,2102.5333,11299.7143,5235.1429,1839440.00,2230561.00,48524,50506,5199,7180.3333
2025-08-13,12622,14683,6390,3983,8748,3533,40769.00,1988136.00,4362853.00,2014629.00,4467.9667,1622.1667,10226.1429,3300.8571,3455147.00,1507780.00,38334,43886,2904.6667,10341.6667
2025-08-12,6076,707,1355,3651,475,155,-76633.00,15493.00,68548.00,2613488.00,4304.5333,1610.5,10113,3333.5714,781691.00,689565.00,37831,42714,6053,19443.6667
2025-08-11,2843,207,498,1868,98,70,-69851.00,8079.00,38026.00,402978.00,4244.7,1620.4333,9825.5714,3516.2857,189407.00,111477.00,37835,42809,6526.6667,18905.6667
2025-08-08,22106,7800,13263,6457,2173,4819,927525.00,-205385.00,359070.00,2869699.00,3573.4,1379.1667,6959,2762.1429,918542.00,2051452.00,48117,69268,4416.3333,11817
2025-08-07,33382,10152,14942,13089,3980,5424,846861.00,-117924.00,1354208.00,3147565.00,2509.1,1598.6333,2417.4286,1351.4286,1548964.00,2513749.00,41355,43183,1413.3333,2392
2025-08-06,1229,1628,335,868,159,1431,-3995.00,-30045.00,103884.00,130289.00,2533.1333,1561.5,2608.5714,1895.1429,99504.00,125554.00,39855,42257,1182.6667,3743.6667
2025-08-05,840,1469,377,383,1216,229,3386.00,94503.00,175883.00,176313.00,2589.8667,1526.5333,2688.4286,1744.1429,199384.00,108267.00,38621,41925,1188.3333,3740.6667
2025-08-04,5107,1143,462,4290,268,822,-334678.00,-71449.00,180302.00,609807.00,2493.8333,1570.4667,2018.2857,1611,471609.00,208380.00,37842,40186,1647.6667,2718.3333
2025-08-01,5284,936,1172,4052,113,784,-491881.00,-139420.00,184989.00,678483.00,2328.2333,1551.3667,1348.2857,1519.1429,586499.00,234038.00,41303,41495,1428,1487.3333
2025-07-31,831,1486,299,283,717,751,8869.00,-4660.00,59072.00,138643.00,2324.6333,1508.8,1543.8571,1406,71933.00,85462.00,41775,41185,2744,2066
2025-07-30,2040,2521,1694,270,946,1413,28179.00,-64178.00,165616.00,181548.00,2469.1667,1436.7333,1472.7143,1083.8571,110746.00,203103.00,41195,39643,2041,1852.3333
2025-07-29,1591,277,689,218,106,113,-7376.00,1512.00,69219.00,114844.00,2507.7333,1439.5333,1391.7143,1207.1429,58223.00,49335.00,41078,39531,2019,1460.6667
2025-07-28,2567,5434,391,2055,1981,2802,-389494.00,109355.00,1270318.00,518265.00,2430.7667,1266.6667,1519,660.2857,1016941.00,518092.00,36050,37913,305.3333,803
2025-07-25,1399,412,506,541,221,141,-256323.00,9436.00,49998.00,648029.00,2415.7667,1271.1,1758,862.2857,342938.00,77179.00,36344,39843,399.3333,1070
2025-07-24,416,211,122,209,155,43,-12334.00,14843.00,23662.00,74600.00,2436.1667,1291.3,2809.1429,1111.7143,48822.00,21645.00,36213,39745,417.6667,1445.3333
2025-07-23,594,293,159,408,129,135,-4243.00,-6142.00,51127.00,102435.00,2427.1333,1321.6,2919.5714,1141.5714,71889.00,73788.00,36154,39552,700,1588.6667
2025-07-22,2200,694,508,1568,160,496,-208805.00,-43719.00,105615.00,415227.00,2382.3,1311.6333,3101.5714,1091.7143,321314.00,156228.00,35536,38256,1004,2008
2025-07-21,1542,266,608,759,170,71,-33486.00,8305.00,33327.00,280380.00,2376.8,1316.1,4008.1429,1127.5714,158234.00,116443.00,35407,37802,1524,2518
2025-07-18,1024,1140,584,341,418,205,-9340.00,14639.00,67314.00,227655.00,2373.2,1307.6333,3923.2857,1346.2857,146054.00,122075.00,42649,59224,1796.3333,4768
2025-07-17,3458,1606,2115,1023,419,1091,51510.00,-30949.00,129661.00,330616.00,2274.5,1264.1667,3726.5714,1199,159869.00,242328.00,42500,58796,1428.3333,4071
2025-07-16,3072,1826,1982,707,637,914,29363.00,-38718.00,199942.00,439157.00,2213.5,1218.7,4294.1429,1093.1429,228239.00,296320.00,42155,58401,934.6667,4205
2025-07-15,7774,1957,3734,3863,316,1626,-62514.00,-277252.00,319089.00,362899.00,2003.2333,1170.6333,3488.8571,838.1429,222915.00,437653.00,40380,51718,454.6667,4243
2025-07-14,1367,502,510,782,404,72,-66247.00,51098.00,65267.00,279891.00,2019.4667,1173.1667,3810.4286,818,222754.00,105409.00,40024,51304,1177.6667,3930.6667
2025-07-11,3474,345,1550,1405,197,112,12135.00,8003.00,27087.00,193562.00,1929.9,1177.7667,3403.2857,807.5714,88836.00,92968.00,40292,55289,1254.3333,3466.3333
2025-07-10,7888,517,1940,3656,346,131,-250685.00,44853.00,77669.00,1051426.00,1826.7,1174.4667,2444,784.7143,675339.00,379801.00,40022,50272,1443.6667,3185.3333
2025-07-09,430,2671,128,236,435,2214,-26892.00,-134895.00,211545.00,141036.00,2012.7667,1097.4,2532.2857,475.2857,114029.00,222032.00,37659,50278,610.6667,3754.3333
2025-07-08,2081,575,853,836,208,280,57448.00,-49186.00,131068.00,560405.00,1963.8667,1096.8333,2516,473.4286,221922.00,328556.00,37477,50030,539.3333,4266.6667
2025-07-07,7045,1085,3326,3660,594,429,-110406.00,-6639.00,126841.00,918474.00,1863.5333,1079.5667,1717.1429,2709.2857,476863.00,431142.00,36920,45985,268.3333,2126.3333
2025-07-03,2137,172,1419,541,57,93,-42609.00,-617.00,15266.00,244982.00,1895.4,1152.4333,1690.4286,2758.1429,136170.00,94178.00,37826,46211,330,1805
2025-07-02,3618,361,1316,1921,106,179,-125358.00,-7079.00,33104.00,293031.00,1809.7333,1155.6333,1536.7143,2766.5714,199422.00,81143.00,37757,44863,378,948.3333
2025-07-01,624,272,187,299,126,103,-22935.00,1210.00,33353.00,110718.00,1843.3667,1166.6667,1765.5714,3079.2857,70063.00,45918.00,37686,44652,474.6667,1396
2025-06-30,1173,357,229,811,106,145,-63955.00,83.00,42158.00,181975.00,1832.9667,1181.5333,1643.1429,3080.1429,114393.00,50355.00,37524,43930,5934.3333,1489.3333
2025-06-27,1048,505,456,450,207,229,34464.00,-4476.00,40065.00,176778.00,1857.2333,1173.8333,1596.7143,3037.8571,76904.00,115844.00,38073,44431,5937.3333,1790
2025-06-26,1967,562,122,1802,203,289,-129410.00,-7155.00,87943.00,182733.00,1851.8667,1255.5333,2226.5714,3008.8571,190573.00,68318.00,37824,42867,5890,1981.6667
2025-06-25,1453,16736,316,1036,16355,320,-79787.00,1507574.00,1598052.00,129334.00,1833.7333,715.5333,2411.5714,669.5714,1649356.00,61995.00,21390,41977,1131.6667,2239.3333
2025-06-24,1950,514,269,1446,198,265,-156504.00,-975.00,63673.00,306550.00,1835.1667,732.4667,2169.8571,631.5714,247536.00,92007.00,21142,41042,1081.3333,1694.6667
2025-06-23,2542,420,1542,796,239,122,12728.00,25760.00,88942.00,121519.00,1831.6667,745.3,1942.2857,649.4286,104064.00,91032.00,20856,40127,1011,1088.3333
2025-06-20,2226,2461,1737,309,2053,165,10902.00,88025.00,167045.00,215165.00,1814.3667,699.6,1771.1429,414.5714,188314.00,111191.00,24206,51406,310.3333,2471.6667
2025-06-18,316,363,223,74,94,227,22364.00,-19780.00,49288.00,37984.00,1897.7,733.1,1772.1429,534.4286,16864.00,59008.00,24677,51214,309.6667,3282.3333
2025-06-17,723,209,393,267,57,56,-38610.00,1281.00,26757.00,141988.00,2109.8333,781.4667,1791,561,95843.00,55952.00,24690,50905,322.6667,3127.3333
2025-06-16,6376,359,3317,2539,170,154,166188.00,3614.00,50423.00,515874.00,2164.6,938.7667,1076.8571,566.8571,176299.00,338873.00,24565,48467,384.6667,1318.3333
2025-06-13,2748,361,210,2510,231,98,-415301.00,15082.00,61172.00,491094.00,2862,1267.4,815.1429,641.8571,484937.00,54554.00,25226,48331,536.6667,745
2025-06-12,258,248,100,97,129,57,-6130.00,15693.00,43180.00,59369.00,2892.5333,1286.9667,849.2857,649.5714,51091.00,29268.00,25191,48251,854.6667,766.6667
2025-06-11,949,545,546,299,379,134,-11005.00,-11315.00,56726.00,112407.00,2887.7667,1287.4,891.1429,637.7143,66489.00,66799.00,25102,47654,804.6667,735.3333
2025-06-10,1028,817,417,342,233,445,8907.00,-4644.00,128490.00,100751.00,2896.5333,1330.6,953.7143,594.5714,78635.00,92186.00,24869,47477,665.6667,851.6667
2025-06-09,323,1202,132,139,263,863,-15771.00,-271965.00,471667.00,69459.00,2923.8333,1327.2333,1172.4286,505.4286,123276.00,379470.00,24371,47389,560.3333,1049.3333
2025-06-06,855,395,334,213,170,68,-9052.00,-6535.00,40082.00,95565.00,2943.8667,1355.5,1162.7143,518,55507.00,52990.00,24846,48478,529.3333,930
2025-06-05,1377,400,415,697,52,275,-3939.00,-31387.00,81367.00,252627.00,2991.3333,1368.1,1650.5714,520.5714,119848.00,147296.00,24658,48113,550,885
2025-06-04,916,886,93,707,153,706,-34600.00,-28314.00,63621.00,75091.00,3012,1361.2,2378.5714,445.2857,64144.00,57858.00,23908,47348,426.3333,1068.3333
2025-06-03,497,302,112,267,124,157,-29921.00,215.00,58269.00,139777.00,3042.8,1369.9333,2395.2857,481.8571,84401.00,60175.00,23759,47345,518.3333,1520.6667
2025-06-02,1242,462,536,611,90,317,-28558.00,-32719.00,61269.00,190223.00,3255.8667,1381.7667,2794.2857,496.8571,111423.00,115584.00,23457,46744,525.3333,1369
2025-05-30,1466,515,1192,149,263,223,82571.00,31103.00,119273.00,150908.00,3238.7,1420.4,3026.7143,760.1429,99779.00,151247.00,24326,48134,493,2477.6667
2025-05-29,1854,578,388,1298,272,230,-18163.00,10666.00,104674.00,194127.00,3209.1,1419.3333,2911.5714,742.8571,147925.00,119096.00,24180,47021,420,3863.6667
2025-05-28,787,483,512,248,214,254,-52970.00,-18531.00,83025.00,179092.00,3249.9667,1437.8,3032.4286,760,143098.00,108659.00,23948,46840,445,3806
2025-05-27,4792,418,610,572,190,133,-101713.00,-4904.00,57111.00,753202.00,3241.5667,1503.8,2470.8571,815,210446.00,113637.00,23766,42788,494.6667,3553.6667
2025-05-23,6012,359,1090,4699,150,180,-543382.00,-7617.00,61504.00,937980.00,3061.4667,1509.9333,1865.7143,802.8571,753402.00,217637.00,26626,40284,1161,2580.6667
2025-05-22,614,558,258,269,327,164,1668.00,17562.00,74336.00,149710.00,3073.8667,1512.3667,2036,1153.5714,100450.00,84556.00,26269,40014,1127.3333,2725.3333
2025-05-21,4035,567,2119,1533,278,211,486525.00,14171.00,111269.00,1350364.00,2975,1541.7,1589.4286,1149.1429,402522.00,874876.00,26136,39332,1139.3333,1924.6667
2025-05-20,3093,2358,1076,979,248,1249,112142.00,24280.00,137260.00,961753.00,2923.1333,1490.4333,1432.2857,958.2857,384343.00,472205.00,26203,37940,621,1180.6667
2025-05-19,1048,457,395,477,204,188,-10574.00,-10801.00,96209.00,224438.00,2900.9,1507.9667,1630.7143,1008,131130.00,131357.00,26023,37566,560,1423.3333
2025-05-16,1633,603,634,735,179,327,-51196.00,-8173.00,99055.00,338351.00,2887.2667,1530.7667,1641.2857,1077.5714,201617.00,158594.00,27486,40160,1363.3333,1481
2025-05-15,861,803,337,353,257,418,1724.00,-73522.00,237341.00,235237.00,2888.1333,1509.5,1920.5714,1158.2857,159446.00,234692.00,27425,40065,1274.3333,1497
2025-05-14,1776,274,602,887,88,158,-177113.00,-11874.00,46378.00,523611.00,2840.8333,1507.8667,2679.2857,1356.2857,317464.00,152225.00,27330,39313,1523.6667,1569.3333
2025-05-13,1806,3013,729,702,1715,982,18692.00,32624.00,366760.00,389387.00,2792.2,1420.2,3566.8571,1651.2857,322212.00,308280.00,25547,39100,787.6667,1779.6667
2025-05-12,909,536,375,460,181,284,-54463.00,2103.00,103741.00,220521.00,2782.1333,1431.1667,6818.4286,3034.7143,173909.00,117343.00,25496,38973,972.3333,2045.6667
2025-05-09,1993,1022,1337,577,394,524,-12675.00,22267.00,169441.00,247970.00,2736.6667,1420.5333,6701.4286,3008,206579.00,171637.00,26055,40485,1087.6667,2320
2025-05-08,2437,805,1021,812,268,434,1978.00,-32125.00,110037.00,281765.00,2767.3667,1410.7333,6468.4286,2972.7143,138312.00,172415.00,25949,40038,1372.6667,3870
2025-05-07,1707,1090,1314,327,255,743,101308.00,-127899.00,244134.00,220333.00,2734.0333,1399.1,6409,3118.8571,100320.00,329527.00,25060,38888,2702,5974
2025-05-06,2816,1368,1280,1365,882,319,264764.00,182509.00,310354.00,744746.00,2768.1333,1374.5667,6169.8571,3080.7143,442905.00,525160.00,24336,37290,5652.6667,12925.3333
2025-05-05,7087,1660,2926,3107,1317,208,57338.00,443732.00,524463.00,1457003.00,2585.9333,1336.7,5365.4286,3021.1429,980765.00,594371.00,23591,35488,5377.6667,10954.3333
2025-05-02,8019,5078,3124,4016,1951,2695,263353.00,8857.00,320270.00,1738448.00,2390.5667,1219.6667,4620,2406.8571,765411.00,1019907.00,33313,56030,3871,8550
2025-05-01,23670,10220,9605,13121,2881,5393,158511.00,-148384.00,801249.00,1907896.00,1621.6667,889.7667,1458,1043.8571,1050260.00,1357155.00,24747,34910,1168.6667,1090.3333
2025-04-30,1174,835,458,524,318,195,-141222.00,22452.00,144594.00,373086.00,1625.0333,883.4667,1493.2857,1005.1429,259107.00,95433.00,24165,34574,1257.3333,1079.6667
2025-04-29,806,558,365,310,296,181,5763.00,16630.00,157112.00,213924.00,1701.8333,908.4333,2468.7143,1042.1429,152144.00,141277.00,23984,34360,1485.6667,1296.3333
2025-04-28,1291,2113,341,768,574,1334,-67126.00,-103817.00,378558.00,238035.00,1676.7333,907.5,2420.1429,979.4286,255481.00,292172.00,22271,33705,1040.6667,1799.6667
2025-04-25,1142,1101,518,436,371,464,8992.00,615.00,337903.00,263572.00,1692.5,941.3,2395,900.1429,229849.00,238226.00,23802,34640,900,1931
2025-04-24,1456,1243,178,1140,181,894,-89278.00,-63933.00,208104.00,177776.00,1662.6,919.4667,2474.5714,870.7143,166245.00,140900.00,22934,33690,673.6667,1919.3333
2025-04-23,2801,778,260,479,215,296,-59922.00,-16174.00,178147.00,772483.00,1620.9,958.6,2723,1102.1429,159129.00,115381.00,22448,32618,686.6667,3530.3333
2025-04-22,1536,679,263,1081,163,394,-308938.00,-58283.00,184121.00,579826.00,1631.5333,993.8333,2590.5714,1082.7143,433941.00,183286.00,22339,32244,1018.3333,3335.3333
2025-04-21,1421,564,340,908,204,269,8361.00,-7550.00,84502.00,201876.00,1631.1,1089.8667,2528.4286,1092.2857,98241.00,114152.00,22018,31313,1012.3333,3183.6667
2025-04-17,7634,817,2978,3666,358,316,32024.00,27899.00,172633.00,611311.00,1413.3333,1124.6,1590.5714,1182.2857,328252.00,332377.00,34697,44215,1085.6667,1310
2025-04-16,951,1674,676,238,447,1186,109246.00,-67382.00,314200.00,212599.00,1405.6,1084.3,1674.2857,1060.2857,169118.00,345746.00,33610,44099,1327,2506.3333
2025-04-15,966,546,232,598,86,321,-82748.00,-47285.00,86494.00,232430.00,1443.3,1173.5667,1590.7143,1122.7143,151586.00,116123.00,33433,43542,1326,2387.3333
2025-04-14,2013,1037,751,699,203,770,52936.00,-7170.00,81668.00,523364.00,1465.4333,1277.3333,1478,1158.4286,193553.00,253659.00,32956,42637,1190.6667,2045
2025-04-11,4540,2398,2407,1739,623,634,92888.00,12980.00,600851.00,965170.00,1520.6333,1322.1333,956.1429,839.4286,470529.00,550437.00,32613,39923,873.6667,888
2025-04-10,609,543,326,242,305,188,24094.00,50700.00,158344.00,142872.00,1839.7333,1813.5,920.1429,794,152416.00,125810.00,32498,39612,966,1197.3333
2025-04-09,986,631,314,615,170,438,-73544.00,-103955.00,189069.00,153676.00,2375.3667,2191.8667,828.8571,758.5714,148922.00,179333.00,32555,39355,1083.3333,995.6667
2025-04-08,1069,1447,467,515,849,493,-29861.00,36964.00,268143.00,207489.00,3338.8333333333333333,2684.2333333333333333,762.8571428571428571,675.4285714285714286,244661.00,177836.00,31385,38776,1030.0000000000000000,1047.3333333333333333
2025-04-07,1537,820,861,573,142,556,71488.00,-155780.00,297640.00,272202.00,3381.6000000000000000,2877.0000000000000000,633.1428571428571429,658.7142857142857143,133737.00,361005.00,31681,38532,811.6666666666666667,830.6666666666666667
2025-04-04,381,983,133,177,197,685,-12278.00,-127768.00,288346.00,56573.00,3440.0666666666666667,2868.0666666666666667,1058.4285714285714286,591.2857142857142857,87687.00,203177.00,32126,39574,559.0000000000000000,822.6666666666666667
2025-04-03,1224,1287,253,625,401,489,-41843.00,8237.00,298450.00,257432.00,3513.6333333333333333,2883.0666666666666667,984.5714285714285714,513.2857142857142857,223441.00,173361.00,31673,39554,257.6666666666666667,530.3333333333333333
2025-04-02,887,165,262,540,37,84,-4861.00,-14184.00,27798.00,61569.00,3746.1666666666666667,2921.0000000000000000,1406.2857142857142857,580.0000000000000000,35337.00,44660.00,31694,39540,491.0000000000000000,437.0000000000000000
2025-04-01,357,225,107,183,37,143,-3887.00,-23603.00,44227.00,36940.00,3902.3333333333333333,2930.6333333333333333,1586.8571428571428571,622.7142857142857143,25538.00,45254.00,31634,39280,650.3333333333333333,527.6666666666666667
2025-03-31,347,383,158,119,233,106,4862.00,25921.00,59353.00,75478.00,3988.2666666666666667,2948.0333333333333333,1845.5714285714285714,791.8571428571428571,67085.00,46026.00,31438,39042,693.0000000000000000,1531.3333333333333333
2025-03-28,607,865,258,263,486,240,-16841.00,25975.00,96857.00,67977.00,4102.3333333333333333,2943.5333333333333333,1845.0000000000000000,714.4285714285714286,93740.00,50924.00,31796,43762,651.6666666666666667,1564.6666666666666667
2025-03-27,629,703,465,150,180,411,69201.00,-26167.00,243774.00,157498.00,4224.3333333333333333,2995.5333333333333333,1937.2857142857142857,706.2857142857142857,108832.00,204200.00,31539,43801,628.0000000000000000,2634.6666666666666667
2025-03-26,3358,511,390,2571,90,386,-74279.00,-77457.00,109929.00,151222.00,4280.6000000000000000,3054.4333333333333333,1901.8571428571428571,820.0000000000000000,114879.00,118057.00,31518,43639,632.3333333333333333,2055.6666666666666667
2025-03-25,707,741,277,320,162,284,-11474.00,-43160.00,119134.00,83947.00,4404.5333333333333333,3126.1666666666666667,1877.7142857142857143,1012.0000000000000000,60260.00,91946.00,31272,43475,907.6666666666666667,2539.3333333333333333
2025-03-24,3839,632,2865,627,306,207,60665.00,33219.00,150390.00,307240.00,4389.8333333333333333,3134.2333333333333333,1560.0000000000000000,1223.8571428571428571,184062.00,211508.00,31063,40186,804.6666666666666667,1460.6666666666666667
2025-03-21,1621,524,1355,216,94,292,200153.00,-33068.00,67103.00,289838.00,4466.7000000000000000,3142.4000000000000000,1408.2857142857142857,1233.0000000000000000,53580.00,286801.00,33625,43119,845.3333333333333333,1345.3333333333333333
2025-03-20,2158,1567,368,1098,172,1329,-53071.00,-499749.00,773726.00,161095.00,4441.3000000000000000,3102.7333333333333333,1321.4285714285714286,1288.0000000000000000,219454.00,666132.00,34322,44194,758.6666666666666667,1662.6666666666666667
2025-03-19,603,323,381,123,58,165,9795.00,-86756.00,110627.00,45088.00,4483.7666666666666667,3123.4666666666666667,1500.2857142857142857,1489.8571428571428571,20422.00,116973.00,34288,43864,1346.0000000000000000,1641.0000000000000000
2025-03-18,1275,646,641,453,79,424,6788.00,-49424.00,114435.00,164138.00,4613.4000000000000000,3146.6666666666666667,1519.2857142857142857,1889.7142857142857143,88843.00,145055.00,34087,43256,1835.6666666666666667,1754.3333333333333333
2025-03-17,3110,1307,2531,444,623,364,172131.00,10388.00,187143.00,308547.00,4594.4666666666666667,3132.3333333333333333,1232.2857142857142857,1968.5714285714285714,145991.00,307734.00,33632,41034,1596.0000000000000000,904.0000000000000000
2025-03-14,538,2085,165,329,652,1079,-15361.00,-48583.00,283069.00,44173.00,4736.6666666666666667,3092.9333333333333333,1258.1428571428571429,1737.1428571428571429,119820.00,153042.00,34577,42577,1551.6666666666666667,1241.3333333333333333
2025-03-13,1615,2115,1200,257,946,1028,110198.00,-61957.00,1371551.00,257344.00,4871.6000000000000000,3054.5666666666666667,1327.0000000000000000,1895.5714285714285714,680110.00,852265.00,34099,41776,1425.3333333333333333,1321.3333333333333333
2025-03-12,559,588,204,140,258,311,40947.00,-15295.00,277612.00,129965.00,4886.9666666666666667,3047.4333333333333333,1629.5714285714285714,2404.4285714285714286,147195.00,203437.00,33946,41728,2377.6666666666666667,1604.3333333333333333
2025-03-11,1550,1952,573,787,656,617,-58497.00,214250.00,1231923.00,510507.00,4861.3333333333333333,3017.8000000000000000,2293.2857142857142857,2660.1428571428571429,848921.00,576174.00,33051,40993,2346.6666666666666667,1454.6666666666666667
2025-03-10,1855,1736,379,1217,274,1174,-120155.00,-552026.00,726774.00,267605.00,4900.7000000000000000,2977.6000000000000000,3482.8571428571428571,4595.5714285714285714,232224.00,664095.00,32811,40627,1923.0000000000000000,1076.0000000000000000
2025-03-07,1408,3445,920,333,1013,2095,38784.00,-113691.00,328530.00,166629.00,4977.4333333333333333,2878.3333333333333333,5718.1428571428571429,5815.1428571428571429,148852.00,301327.00,35026,44872,1849.3333333333333333,1305.6666666666666667
2025-03-06,1101,1859,594,220,850,576,89070.00,-41930.00,565494.00,170148.00,4985.1000000000000000,2848.5666666666666667,9842.7142857142857143,7866.4285714285714286,235086.00,366086.00,34273,44588,2613.0000000000000000,1831.0000000000000000
2025-03-05,719,465,385,206,66,338,8467.00,-253101.00,326339.00,87684.00,5080.6666666666666667,3041.0000000000000000,10142.8571428571428571,8743.2857142857142857,52410.00,313978.00,34420,44199,3705.3333333333333333,3656.6666666666666667
2025-03-04,2097,3224,605,1095,674,2442,-32950.00,-267932.00,528752.00,281686.00,5091.9000000000000000,3016.3000000000000000,10148.2857142857142857,8384.8571428571428571,224468.00,459450.00,33603,42823,7725.3333333333333333,6351.6666666666666667
2025-03-03,2677,4150,666,1616,2313,1000,-406.00,263949.00,912091.00,792697.00,5090.5333333333333333,2908.4333333333333333,10256.0000000000000000,8040.1428571428571429,770324.00,505969.00,32799,42044,10336.0000000000000000,11144.3333333333333333
2025-02-28,6196,3742,1904,3561,480,2283,278380.00,-142046.00,638751.00,663176.00,5041.2666666666666667,2819.5666666666666667,10494.1428571428571429,7691.7142857142857143,271283.00,691709.00,40945,64399,14494.666666666667,19070.000000000000
2025-02-27,10182,15284,6868,1302,9467,4490,839553.00,2804319.00,7969119.00,1924046.00,4984.5000000000000000,2345.0333333333333333,9759.8571428571428571,5581.7142857142857143,5406123.00,3441357.00,41917,56966,11601.0000000000000000,16616.000000000000
2025-02-26,17055,11982,2643,13757,7120,4130,-29319.00,96049.00,2193577.00,708540.00,4485.5000000000000000,1968.7000000000000000,7741.2857142857142857,3999.2857142857142857,1378555.00,1253187.00,43750,56509,7845.3333333333333333,11642.6666666666666667
2025-02-25,29973,16218,11129,14953,5648,8794,147649.00,-596804.00,3081454.00,4612636.00,3558.9000000000000000,1449.6000000000000000,4035.0000000000000000,1786.7142857142857143,2932691.00,3677144.00,32337,36534,3018.3333333333333333,2795.3333333333333333
2025-02-24,2820,6603,1303,1102,5061,1102,-66627.00,281059.00,895648.00,658670.00,3554.0666666666666667,1286.2666666666666667,4244.8571428571428571,1166.7142857142857143,871407.00,523721.00,27442,35792,1251.6666666666666667,4476.3333333333333333
2025-02-21,2135,715,834,739,171,453,-20189.00,-59686.00,122562.00,632009.00,3502.2333333333333333,1279.6666666666666667,4660.7142857142857143,1390.0000000000000000,265032.00,304529.00,34812,43112,1184.6666666666666667,5445.3333333333333333
2025-02-20,3431,1737,1505,1151,298,1238,90850.00,-34407.00,178718.00,1039924.00,3489.8333333333333333,1264.1666666666666667,4802.7142857142857143,1555.1428571428571429,400485.00,525742.00,33800,42370,907.3333333333333333,5276.6666666666666667
2025-02-19,7863,1303,3811,2964,415,740,283126.00,-66465.00,225164.00,2313059.00,3293.8000000000000000,1266.2000000000000000,4164.8571428571428571,1493.8571428571428571,931856.00,1281447.00,32950,39820,716.3333333333333333,3998.6666666666666667
2025-02-18,5042,514,1499,2577,76,283,-176066.00,-79760.00,161244.00,1070689.00,3164.8333333333333333,1289.2333333333333333,4005.5714285714285714,1530.2857142857142857,535572.00,439266.00,32586,38172,1299.3333333333333333,3747.6666666666666667
2025-02-14,2925,905,1627,997,474,297,120019.00,3187.00,249167.00,552584.00,3084.6333333333333333,1288.1000000000000000,3787.1428571428571429,1454.8571428571428571,290822.00,407654.00,33209,40783,1757.0000000000000000,4454.6666666666666667
2025-02-13,4029,730,830,2361,163,430,-210157.00,-82220.00,143056.00,595983.00,2991.2000000000000000,1274.5666666666666667,3479.7142857142857143,1485.5714285714285714,358258.00,230321.00,32691,41455,2478.0000000000000000,4586.6666666666666667
2025-02-12,4289,2263,2139,1489,349,1813,176140.00,-86432.00,188466.00,697075.00,2879.8333333333333333,1351.6000000000000000,3604.7142857142857143,1354.0000000000000000,236707.00,499279.00,33426,40112,2015.0000000000000000,4289.6666666666666667
2025-02-11,5046,2278,1810,2515,1818,335,-95500.00,57433.00,199529.00,825938.00,2748.6333333333333333,1299.8666666666666667,3247.0000000000000000,1153.8571428571428571,512740.00,359807.00,31329,39472,1512.0000000000000000,3916.6666666666666667
2025-02-10,4425,2893,2414,1445,369,1268,128460.00,-144105.00,417734.00,720741.00,2654.0000000000000000,1217.2333333333333333,3301.1428571428571429,869.5714285714285714,311985.00,584550.00,28842,37295,673.3333333333333333,2907.0000000000000000
2025-02-07,3398,874,1046,1840,380,359,-47918.00,-62734.00,167624.00,578976.00,2592.1333333333333333,1201.4000000000000000,3624.7142857142857143,882.4285714285714286,309007.00,323823.00,28877,37208,697.0000000000000000,2400.0000000000000000
2025-02-06,3927,769,2253,1340,203,385,204773.00,-48994.00,186896.00,887212.00,2531.6000000000000000,1266.0333333333333333,3209.4285714285714286,826.0000000000000000,364863.00,618630.00,28340,35819,888.0000000000000000,2812.3333333333333333
2025-02-05,1396,377,619,669,118,165,7986.00,-25666.00,132724.00,231891.00,2547.1000000000000000,1264.2333333333333333,3121.5714285714285714,924.0000000000000000,140769.00,174421.00,28042,35134,1054.6666666666666667,3194.3333333333333333
2025-02-04,1877,945,792,902,203,275,509824.00,-62949.00,104551.00,962708.00,2535.1000000000000000,1256.5666666666666667,3287.1428571428571429,864.7142857142857143,221563.00,794336.00,27415,34492,1040.6666666666666667,4170.0000000000000000
2025-02-03,5164,1342,1385,3441,193,1004,-392705.00,-195212.00,351430.00,1357820.00,2391.3333333333333333,1240.9666666666666667,3079.4285714285714286,739.7142857142857143,899169.00,701676.00,26348,30739,914.6666666666666667,4336.3333333333333333
2025-01-31,2542,877,1060,1125,363,406,-62484.00,-75598.00,230599.00,461038.00,2352.3000000000000000,1234.2000000000000000,2906.4285714285714286,752.4285714285714286,300309.00,313423.00,27181,31424,747.0000000000000000,3829.0000000000000000
2025-01-30,4804,903,2033,2182,381,440,-65010.00,-28706.00,117661.00,996747.00,2223.9666666666666667,1293.1666666666666667,2732.4285714285714286,1514.5714285714285714,494291.00,457987.00,26921,31088,800.3333333333333333,2488.0000000000000000
2025-01-29,5663,964,2820,2404,279,480,249675.00,-39649.00,205622.00,1361446.00,2126.5000000000000000,1283.2333333333333333,2271.1428571428571429,1731.5714285714285714,578567.00,867891.00,26566,27617,655.6666666666666667,1612.3333333333333333
2025-01-28,1020,374,384,432,209,132,19572.00,12531.00,93743.00,292456.00,2128.6666666666666667,1284.1666666666666667,2502.0000000000000000,1808.7142857142857143,170484.00,177525.00,26297,27072,686.6666666666666667,2509.0000000000000000
2025-01-27,781,1063,225,367,490,467,-34356.00,-24782.00,138528.00,175128.00,2132.4000000000000000,1265.8000000000000000,3064.4285714285714286,1810.5714285714285714,126800.00,117226.00,26508,26710,654.3333333333333333,2692.3333333333333333
2025-01-24,3036,530,1271,1458,199,238,155290.00,-62440.00,142289.00,361665.00,2110.7333333333333333,1306.1666666666666667,3842.0000000000000000,1884.5714285714285714,110392.00,328122.00,27233,29213,2557.0000000000000000,2875.6666666666666667
2025-01-23,3710,467,2107,1160,203,210,9096.00,-55697.00,142354.00,239446.00,2066.3666666666666667,1327.6333333333333333,3609.8571428571428571,1916.7142857142857143,139831.00,204624.00,26972,26616,3229.0000000000000000,2450.3333333333333333
2025-01-22,1331,966,458,443,365,524,26688.00,-47005.00,131216.00,277927.00,2075.4000000000000000,1328.9000000000000000,3730.4285714285714286,1870.8571428571428571,118965.00,192658.00,26276,26183,3211.6666666666666667,2885.3333333333333333
2025-01-21,3586,6238,2888,489,2429,3056,231497.00,96074.00,697284.00,399126.00,2079.3000000000000000,1154.5666666666666667,3600.2857142857142857,1223.0000000000000000,371066.00,506489.00,20533,23886,1491.0000000000000000,3262.6666666666666667
2025-01-17,2434,2483,976,1002,790,1594,-60798.00,-36988.00,326596.00,770018.00,2023.9000000000000000,1094.9666666666666667,3335.4285714285714286,942.1428571428571429,471437.00,447627.00,38581,40192,1012.6666666666666667,5277.6666666666666667
2025-01-16,2636,914,1219,835,322,402,40764.00,-87809.00,220123.00,895088.00,2014.2000000000000000,1343.2333333333333333,3395.8571428571428571,993.2857142857142857,361949.00,490522.00,38189,39630,938.6666666666666667,5094.0000000000000000
2025-01-15,4718,1076,1951,2406,287,573,-90479.00,-31641.00,84018.00,948729.00,1891.7000000000000000,1344.3666666666666667,3005.0000000000000000,1034.4285714285714286,499280.00,440442.00,37917,39351,795.0000000000000000,4246.3333333333333333
2025-01-14,8479,1048,4041,3423,281,653,187426.00,-99325.00,184294.00,1431044.00,1656.9666666666666667,1320.9333333333333333,1961.2857142857142857,1056.8571428571428571,551691.00,838442.00,37213,36432,1013.3333333333333333,2311.6666666666666667
2025-01-13,2085,692,456,1309,193,425,47802.00,-42657.00,100758.00,232543.00,1656.7000000000000000,1316.1000000000000000,1737.5714285714285714,1082.4285714285714286,93911.00,184370.00,37049,36666,955.0000000000000000,1810.0000000000000000
2025-01-10,2175,645,498,1316,198,318,-153384.00,-15821.00,79917.00,349764.00,1704.9333333333333333,1336.3666666666666667,1602.0000000000000000,1036.5714285714285714,258392.00,120829.00,38295,36570,1164.0000000000000000,2104.6666666666666667
2025-01-08,2675,1703,1089,1139,464,1126,88873.00,-2926.00,133692.00,496658.00,1697.0333333333333333,1310.8333333333333333,1355.2857142857142857,1446.7142857142857143,217683.00,309482.00,37873,36308,1051.0000000000000000,1873.6666666666666667
2025-01-07,580,517,155,263,215,272,-10092.00,6365.00,53330.00,76931.00,1866.6000000000000000,1383.8000000000000000,1431.0000000000000000,1476.5714285714285714,60799.00,44342.00,37725,36179,1280.3333333333333333,2071.3333333333333333
2025-01-06,3059,1272,757,1923,207,775,-371673.00,-76632.00,141681.00,1073313.00,1856.4000000000000000,1374.0333333333333333,1220.5714285714285714,1354.0000000000000000,665885.00,370844.00,37121,35533,1146.6666666666666667,1224.6666666666666667
2025-01-03,1982,1364,653,1007,303,897,-49681.00,-29885.00,92872.00,402557.00,1888.6666666666666667,1368.3333333333333333,1157.7142857142857143,1216.1428571428571429,216015.00,196219.00,37930,35887,800.0000000000000000,972.6666666666666667
2025-01-02,1173,1205,561,317,520,512,-69727.00,-33615.00,123940.00,218116.00,1935.5333333333333333,1436.5000000000000000,1291.7142857142857143,1430.8571428571428571,169414.00,133302.00,37895,35678,1923.0000000000000000,897.6666666666666667
2024-12-31,519,871,190,272,412,430,-26480.00,-4221.00,96325.00,86537.00,2106.7000000000000000,2092.2666666666666667,1483.4285714285714286,1352.5714285714285714,95283.00,73024.00,37549,35527,1874.6666666666666667,1094.6666666666666667
2024-12-30,1226,324,369,577,126,130,17301.00,3944.00,49138.00,173288.00,2201.7666666666666667,2481.5333333333333333,1525.0000000000000000,1408.4285714285714286,80927.00,94284.00,37433,34838,1904.6666666666666667,1214.6666666666666667
2024-12-27,948,4574,503,258,1334,2978,29823.00,-54772.00,323027.00,149934.00,2875.8666666666666667,3227.0666666666666667,1511.1428571428571429,879.8571428571428571,161943.00,246538.00,35878,36524,513.0000000000000000,1412.6666666666666667
2024-12-26,1110,726,465,285,129,483,29143.00,-20547.00,39138.00,195655.00,3651.9000000000000000,3904.1000000000000000,1548.4285714285714286,872.4285714285714286,59044.00,108734.00,35509,35939,1173.6666666666666667,1746.3333333333333333
2024-12-24,1586,414,927,401,114,164,183014.00,-20120.00,85205.00,288497.00,3707.7666666666666667,4668.6333333333333333,1458.1428571428571429,1195.0000000000000000,53059.00,256193.00,35439,35332,1143.3333333333333333,1838.0000000000000000
2024-12-23,1542,399,443,888,208,124,-38370.00,21932.00,56128.00,129861.00,3734.5666666666666667,4685.5333333333333333,1629.1428571428571429,1233.1428571428571429,109378.00,49076.00,35210,34489,1248.6666666666666667,1829.6666666666666667
2024-12-20,2111,2708,530,1385,1130,1345,-30497.00,-56695.00,306411.00,168409.00,3760.0666666666666667,4631.0000000000000000,1482.5714285714285714,903.7142857142857143,203446.00,229644.00,40508,41647,637.3333333333333333,1409.6666666666666667
2024-12-19,1861,323,287,1312,108,190,-74131.00,-15122.00,50049.00,138566.00,3840.8000000000000000,4719.2333333333333333,1344.2857142857142857,930.7142857142857143,110277.00,51268.00,40570,41111,754.3333333333333333,1246.3333333333333333
2024-12-18,1517,715,490,802,156,348,-67208.00,-24741.00,79911.00,141379.00,3823.7666666666666667,4712.0000000000000000,1468.4285714285714286,1077.2857142857142857,110401.00,67934.00,40369,41194,1406.6666666666666667,1058.6666666666666667
2024-12-17,851,874,319,386,359,410,-8360.00,9455.00,156242.00,166230.00,3823.5666666666666667,4721.9000000000000000,1686.7142857142857143,1111.1428571428571429,147821.00,130006.00,40148,40908,1337.3333333333333333,1688.0000000000000000
2024-12-16,1371,674,584,631,300,308,-2890.00,-21001.00,83027.00,162823.00,3888.6666666666666667,4730.4666666666666667,1719.7142857142857143,1158.2857142857142857,99107.00,117218.00,39744,40478,1246.6666666666666667,1592.6666666666666667
2024-12-13,954,2672,194,438,1285,1200,-125982.00,57239.00,370366.00,207263.00,3996.4666666666666667,4660.8000000000000000,2112.4285714285714286,920.5714285714285714,339430.00,156209.00,40632,42688,526.6666666666666667,1572.3333333333333333
2024-12-12,2739,666,1169,1111,421,189,-38244.00,-34637.00,101050.00,177765.00,3940.3666666666666667,4663.3666666666666667,1831.4285714285714286,924.7142857142857143,131426.00,127819.00,40383,41999,885.0000000000000000,1454.6666666666666667
2024-12-11,1085,402,172,818,59,274,-66975.00,-46530.00,80769.00,110065.00,3972.2333333333333333,4657.7000000000000000,2011.4285714285714286,2061.8571428571428571,93897.00,73452.00,40383,41483,1121.3333333333333333,1886.0000000000000000
2024-12-10,893,512,337,435,158,260,-34401.00,-22720.00,66775.00,95992.00,4031.3000000000000000,4684.4333333333333333,2032.8571428571428571,2147.2857142857142857,79559.00,67878.00,40320,41277,1285.3333333333333333,2122.3333333333333333
2024-12-09,2386,1741,1054,1043,756,659,23947.00,27620.00,108047.00,308361.00,4077.6666666666666667,4653.3666666666666667,1897.2857142857142857,1947.8571428571428571,189728.00,186055.00,39021,39939,1041.0000000000000000,2561.3333333333333333
2024-12-06,2379,1111,1503,617,430,590,-423.00,-23597.00,49340.00,234205.00,4098.3000000000000000,4635.2666666666666667,1854.1428571428571429,1867.2857142857142857,112358.00,135532.00,40581,41457,902.3333333333333333,2025.6666666666666667
2024-12-05,1602,1004,605,660,258,485,-9257,-3515,97851,247624,4161.1666666666666667,4609.3666666666666667,2142.7142857142857143,1902.8571428571428571,130386,124644,39929,40920,3355.0000000000000000,2273.3333333333333333
2024-12-04,3703,1008,1453,1685,310,540,-163523,-5287,64184,759964,4392.9666666666666667,4657.5333333333333333,1962.0000000000000000,1892.7142857142857143,440112,281876,39455,40825,3389.0000000000000000,1386.6666666666666667
2024-12-03,772,695,166,457,292,297,-25722,-15307,51139,128426,4503.9333333333333333,4737.2666666666666667,2661.2857142857142857,2180.0000000000000000,79315,68900,39077,40601,3272.3333333333333333,1608.3333333333333333
2024-12-02,2345,8362,909,1002,6579,1593,-28305,780989,1022499,285360,4579.2333333333333333,4477.7333333333333333,2719.5714285714285714,1125.2857142857142857,1028504,219210,31222,39847,667.3333333333333333,1519.0000000000000000
2024-11-29,1043,1110,485,390,221,799,-23861,-19965,74661,158244,4818.5000000000000000,4478.2333333333333333,2992.0000000000000000,1137.1428571428571429,98653,94757,31698,43042,715.0000000000000000,2378.6666666666666667
2024-11-27,1437,345,515,710,86,147,-74473,-19704,60550,223692,4836.9666666666666667,4508.2000000000000000,3155.1428571428571429,1552.1428571428571429,147853,93084,31701,42864,912.3333333333333333,2712.3333333333333333
2024-11-26,2077,547,1067,670,145,272,-13373,-41977,118718,320154,4800.9000000000000000,4498.9000000000000000,3666.1428571428571429,4408.8571428571428571,168434,197038,31738,42677,1632.0000000000000000,3909.0000000000000000
2024-11-25,3622,1253,1400,1927,366,571,-122701,-25245,83243,492493,4721.8000000000000000,4470.3666666666666667,3731.2857142857142857,5944.4285714285714286,302341,204885,30811,42052,1540.6666666666666667,3619.3333333333333333
2024-11-22,2438,937,1156,928,88,647,10896,-30905,66355,285968,4720.7333333333333333,4465.0666666666666667,6407.4285714285714286,9659.1428571428571429,120851,162652,33018,47095,1626.0000000000000000,3790.0000000000000000
2024-11-21,5667,2706,2793,1783,1689,624,47427,87329,268013,867550,4654.6000000000000000,4407.9333333333333333,9082.2857142857142857,12277.857142857143,456765,416863,31232,46647,1807.3333333333333333,2760.6666666666666667
2024-11-20,2753,979,1637,700,407,453,72624,38966,136285,297167,4664.3333333333333333,4403.8666666666666667,9155.0000000000000000,15473.714285714286,172872,206530,30901,44973,8329.0000000000000000,3727.6666666666666667
2024-11-19,2950,1193,1614,954,476,588,65500,-27657,113635,427275,4701.1000000000000000,4425.4666666666666667,9068.7142857142857143,15432.714285714286,189634,282791,30907,43773,11932.0000000000000000,4103.6666666666666667
2024-11-18,2579,3250,505,1625,739,2226,-165983,-108149,437046,390718,4758.2333333333333333,4889.7666666666666667,9111.1428571428571429,15121.571428571429,392939,335105,28727,43045,19828.666666666667,10301.0000000000000000
2024-11-15,5654,20544,2568,2459,14254,4068,88517,1814058,2939270,669927,4606.0666666666666667,4219.2333333333333333,8915.2857142857142857,12611.000000000000,2539559,814018,67690,60547,19993.000000000000,16546.666666666667
2024-11-14,4078,12002,1581,1919,8088,3715,-6825,-139533,1269447,560890,4584.1000000000000000,3948.8666666666666667,8476.4285714285714286,10967.5714285714285714,792002,924710,73269,60000,23775.666666666667,16274.666666666667
2024-11-13,21171,26940,8579,10504,11651,10330,-1222296,224630,2441888,4107476,3907.9666666666666667,3064.2666666666666667,5572.7142857142857143,7286.2857142857142857,3602415,2155489,75680,58840,15097.666666666667,9999.6666666666666667
2024-11-12,24391,21037,9298,10607,10067,6957,-1126743,410315,2348132,5520728,3134.5000000000000000,2380.2000000000000000,2563.1428571428571429,4414.0000000000000000,3918354,2381296,65269,42016,8442.6666666666666667,2828.0000000000000000
2024-11-11,3262,23350,1334,1387,11623,5444,-70594,243970,1293065,947530,3057.5333333333333333,1626.5000000000000000,2695.4285714285714286,1161.4285714285714286,957712,643148,47433,40485,1649.3333333333333333,3168.3333333333333333
2024-11-08,2346,906,856,992,394,374,-179099,-22481,123312,1100391,3018.7000000000000000,1612.3333333333333333,2511.1428571428571429,1138.1428571428571429,571923,415305,48723,41449,1513.3333333333333333,2721.6666666666666667
2024-11-07,2876,1072,1853,678,422,519,448913,-120067,249976,1122357,2965.1333333333333333,1595.2000000000000000,2391.8571428571428571,1018.1428571428571429,303234,872214,48705,40185,1546.3333333333333333,2044.6666666666666667
2024-11-06,4283,2970,3036,876,1088,1552,1457384,-13990,241435,2164397,2906.4333333333333333,1522.0333333333333333,2160.7142857142857143,781.5714285714285714,378544,1849918,46593,37701,866.6666666666666667,1725.0000000000000000
2024-11-05,1006,498,409,414,175,200,47335,-22116,66355,357999,3000.4000000000000000,1546.2000000000000000,2556.5714285714285714,826.0000000000000000,137114,206565,46409,37418,894.6666666666666667,2785.6666666666666667
2024-11-04,845,1171,481,265,234,816,53182,-42604,137520,205600,3044.9000000000000000,1666.7000000000000000,2864.1428571428571429,739.8571428571428571,98972,194758,45406,37322,752.0000000000000000,2856.0000000000000000
2024-11-01,3324,931,1256,1615,421,352,-299949,68550,178204,1214979,3144.7000000000000000,1770.8666666666666667,2887.5714285714285714,639.2857142857142857,784321,415822,47780,40131,519.0000000000000000,2428.3333333333333333
2024-10-31,4188,582,1014,2782,248,298,-2711446,-41138,93393,3796503,3228.1000000000000000,1847.2333333333333333,3811.7142857142857143,906.5714285714285714,3124072,453764,47654,41581,763.0000000000000000,1920.6666666666666667
2024-10-30,1056,743,316,533,177,498,-32123,-67443,119468,239857,3341.5000000000000000,1844.6666666666666667,4246.7142857142857143,1241.4285714285714286,122590,157910,47200,41419,785.0000000000000000,2827.6666666666666667
2024-10-29,2041,232,920,498,69,38,34958,4531,20439,347953,3312.4000000000000000,1861.0666666666666667,4612.8571428571428571,1290.5714285714285714,108160,138587,47098,41847,897.0000000000000000,3146.6666666666666667
2024-10-28,2665,1314,547,1785,204,884,-421325,-39446,160110,772347,3264.0666666666666667,1829.8000000000000000,5406.5714285714285714,1263.5714285714285714,575558,193679,46118,40463,534.6666666666666667,3421.0000000000000000
2024-10-25,3777,809,1363,1478,133,455,28327,-59948,116067,977544,3222.6000000000000000,1828.4000000000000000,5151.4285714285714286,1325.7142857142857143,347313,435588,46692,40441,1082.6666666666666667,5714.3333333333333333
2024-10-24,2998,568,945,1182,176,266,-72703,-28947,105549,435687,3158.5333333333333333,1832.7000000000000000,4865.2857142857142857,1282.8571428571428571,243532,199776,46287,38823,1922.3333333333333333,6082.0000000000000000
2024-10-23,3488,227,942,2244,43,111,-52486,-18505,47347,1224045,3279.8000000000000000,1860.0666666666666667,4545.4285714285714286,1307.1428571428571429,598089,564108,46152,37782,2038.6666666666666667,6454.0000000000000000
2024-10-22,10657,2453,6635,2987,1823,434,2837577,-27315,218451,5534830,2953.2666666666666667,1802.4333333333333333,3366.7142857142857143,1067.8571428571428571,1245692,4110584,46303,32397,1596.0000000000000000,5642.0000000000000000
2024-10-21,4101,3087,2198,1409,544,2062,57519,-145678,337825,717412,2923.9666666666666667,1717.4666666666666667,3307.0000000000000000,768.5714285714285714,343710,546907,44238,29927,981.6666666666666667,4938.6666666666666667
2024-10-18,4604,576,2105,1826,177,151,225327,-10609,92149,1081144,2781.2333333333333333,1704.2666666666666667,3084.2857142857142857,808.7142857142857143,356976,592912,47748,39403,879.0000000000000000,3735.6666666666666667
2024-10-17,8221,1125,2778,4061,445,488,10762,-74334,148966,1456447,2514.5333333333333333,1682.8000000000000000,2488.8571428571428571,911.0000000000000000,590216,675312,47143,35917,636.3333333333333333,1411.6666666666666667
2024-10-16,1991,1244,1017,744,333,735,43869,-22009,117553,459802,2459.6000000000000000,1657.8666666666666667,2817.7142857142857143,3187.4285714285714286,174581,240459,46565,35441,481.0000000000000000,1550.0000000000000000
2024-10-15,995,268,467,290,126,82,47235,-50839,89055,199449,2761.7666666666666667,1697.9000000000000000,2831.1428571428571429,3210.2857142857142857,72350,170424,46415,35053,722.3333333333333333,2446.0000000000000000
2024-10-14,1249,397,346,785,153,161,-212266,8435,50228,425522,2764.3666666666666667,1702.5666666666666667,3141.1428571428571429,3709.4285714285714286,327048,106347,46189,34793,875.6666666666666667,3044.6666666666666667
2024-10-11,2406,778,1166,1004,459,204,-15820,6298,99204,346699,2821.1666666666666667,1684.8666666666666667,2924.1428571428571429,3655.7142857142857143,197873,175755,46710,37215,1230.0000000000000000,3593.6666666666666667
2024-10-10,3683,992,2142,1329,261,543,67961,-34460,116408,349407,2704.8333333333333333,1655.5333333333333333,2567.5714285714285714,3587.5714285714285714,146952,249373,46512,34771,6625.6666666666666667,3797.0000000000000000
2024-10-09,3045,857,1399,1307,491,260,-54378,7125,81089,651402,2617.4666666666666667,1642.1000000000000000,2268.7142857142857143,3570.7142857142857143,346147,284644,46025,33788,6482.6666666666666667,3145.0000000000000000
2024-10-08,4053,1841,1868,1435,600,588,-94278,73892,275516,890682,2753.2333333333333333,1639.4333333333333333,1858.4285714285714286,3376.4285714285714286,556549,388379,44921,33006,7166.0000000000000000,2933.6666666666666667
2024-10-07,4293,17179,2409,1335,12615,4407,168967,825549,1812018,743338,2654.0000000000000000,1076.7333333333333333,1426.4285714285714286,1002.0000000000000000,1535044,878462,28385,30879,1573.6666666666666667,1798.3333333333333333
2024-10-04,1089,428,343,404,147,211,-31864,-12244,54907,249799,2657.3000000000000000,1074.5000000000000000,1631.1428571428571429,1051.5714285714285714,117518,97898,28772,31530,1602.6666666666666667,1831.0000000000000000
2024-10-03,3419,3891,2884,399,3401,255,441016,1108052,1317577,650557,2559.9333333333333333,958.3333333333333333,1689.1428571428571429,670.4285714285714286,1272575,605539,26247,28941,552.0000000000000000,1009.0000000000000000
2024-10-02,887,402,453,272,178,161,58328,-857,35254,262017,2556.7333333333333333,958.6333333333333333,1873.8571428571428571,1296.7142857142857143,94053,153238,26106,29156,578.3333333333333333,1107.0000000000000000
2024-10-01,1187,515,376,681,180,307,-70531,1298,18038,172713,2601.6666666666666667,1040.8666666666666667,2606.8571428571428571,1802.5714285714285714,120685,48856,25790,28821,592.6666666666666667,1134.3333333333333333
2024-09-30,953,739,441,404,371,230,-84086,71175,185365,270721,2598.6000000000000000,1027.8000000000000000,3426.4285714285714286,2107.4285714285714286,280016,124755,25256,28794,604.6666666666666667,1657.3333333333333333
2024-09-27,1181,481,515,421,129,214,-30410,-37089,101175,194416,2613.3333333333333333,1060.7666666666666667,3894.5714285714285714,2133.8571428571428571,116946,123625,27268,30734,852.0000000000000000,2538.6666666666666667
