type,ticker,iv,created_at,delta,theta,gamma,price,open_interest,volume,expiry,strike,option_chain,rho,theo,underlying_price,vega,total_premium,trade_count,iv_end,iv_start,has_floor,has_multileg,has_sweep,all_opening_trades,total_size,alert_rule,total_bid_side_prem,total_ask_side_prem,volume_oi_ratio,has_singleleg,expiry_count
call,CLX,0.2608584409476565,2026-09-25T19:43:56.920924Z,0.5490867315110811,-0.015135005801681896,0.015761671290680693,9.69,1377,50,2028-01-21,90,CLX280121C00090000,0.47999800551988353,9.6909090909091,83.71,0.38125037388211963,42640,24,0.261096856519295,0.258474143041462,False,False,False,False,44,RepeatedHitsAscendingFill,0,42640,0.0363108206245461,True,1
call,CLX,0.319316297437639,2026-09-25T19:27:10.802069Z,0.3676405700361107,-0.02159329355981281,0.01904210172387777,4.4,431,25,2027-04-16,95,CLX270416C00095000,0.14542171939049287,4.399999999999998,83.09,0.2334729964053187,11000,6,0.319316297437639,0.319316297437639,False,False,False,False,25,RepeatedHits,0,11000,0.0580046403712297,True,1
put,CLX,0.3820533812219935,2026-09-25T19:17:12.698421Z,-0.36682624063129593,-0.02530711327923409,0.02144432833732702,5,2860,147,2027-01-15,80,CLX270115P00080000,-0.10872255757124653,4.999999999999991,82.96,0.17302112866983044,19000,17,0.382053381221994,0.382053381221994,False,False,False,False,38,RepeatedHits,0,19000,0.0513986013986014,True,1
put,CLX,0.38000678086323986,2026-09-25T18:49:42.749692Z,-0.3686251822034973,-0.02514909221318442,0.021619508732242273,5,2860,109,2027-01-15,80,CLX270115P00080000,-0.10907155379667403,4.9996875,82.85,0.17310102438302752,15999,15,0.379715283150698,0.380034820013107,False,False,False,False,32,RepeatedHits,500,14999,0.0381118881118881,True,1
put,CLX,0.3963637650829206,2026-09-25T18:01:56.817576Z,-0.22569335292917692,-0.032119775266359965,0.023382461526181047,1.81,652,198,2026-11-20,75,CLX261120P00075000,-0.031438065363053304,1.812499999999997,82.76,0.09739099374804079,14500,8,0.397134079862529,0.395079907116907,False,False,False,False,80,RepeatedHitsAscendingFill,14500,0,0.303680981595092,True,1
call,CLX,0.3441174379164938,2026-09-24T19:33:16.891266Z,0.4414226479605138,-0.042295916987301604,0.03538196532849747,3.4,320,377,2026-11-20,85,CLX261120C00085000,0.051234202538954256,3.3976190476190533,82.02,0.12791016380704368,14270,13,0.344303666627701,0.336482060756993,False,False,False,False,42,RepeatedHitsAscendingFill,0,14270,1.178125,True,1
put,CLX,0.3959521593926163,2026-09-24T17:19:02.729907Z,-0.22262892699858375,-0.03166599413029102,0.022967248129776466,1.8,430,143,2026-11-20,75,CLX261120P00075000,-0.03165041130340919,1.7994308943089445,82.9539,0.09772534298886158,22133,30,0.396010425591031,0.396010425591031,False,False,False,False,123,RepeatedHits,0,22133,0.332558139534884,True,1
call,CLX,0.30994148275464,2026-09-24T17:15:30.485995Z,0.358383367173221,-0.020737029538514456,0.019441285644774518,4.14,376,43,2027-04-16,95,CLX270416C00095000,0.14295972013688052,4.138571428571432,82.92,0.23155725279433265,17382,8,0.31043516447964,0.31043516447964,False,False,False,False,42,RepeatedHitsDescendingFill,6611,7036,0.11436170212766,True,1
call,CLX,0.33039167594315566,2026-09-24T16:16:22.830602Z,0.4240875804031569,-0.06372802852663752,0.05803039772419839,2,2092,186,2026-10-16,85,CLX261016C00085000,0.02006547550880744,1.9999999999999927,83.215,0.08002352822795261,20000,25,0.330391675943156,0.330391675943156,False,False,True,False,100,RepeatedHits,0,20000,0.0889101338432122,True,1
call,CLX,0.30882130908978433,2026-09-23T19:36:34.814239Z,0.4138030175241928,-0.028460619113075777,0.026787175885089613,3.95,753,415,2027-01-15,90,CLX270115C00090000,0.09656574664907025,3.9531999999999967,84.27,0.1834808376452039,19766,5,0.310826465427171,0.310826465427171,False,False,False,False,50,RepeatedHitsDescendingFill,19766,0,0.551128818061089,True,1
call,CLX,0.30632624283088633,2026-09-23T18:55:16.691061Z,0.4251209383806817,-0.028659201743850515,0.02701579919139506,4.1,753,291,2027-01-15,90,CLX270115C00090000,0.09969666686645537,4.102156862745092,84.73,0.18558256964124903,20921,9,0.30955463416181,0.306207805329157,False,False,False,False,51,RepeatedHitsAscendingFill,20090,416,0.386454183266932,True,1
put,CLX,0.3954255935733015,2026-09-23T18:55:09.078984Z,-0.31389414676935673,-0.037530586326085115,0.02655643081883264,2.95,625,272,2026-11-20,80,CLX261120P00080000,-0.04695229366417021,2.9497435897435884,84.735,0.11981059822776015,11504,7,0.395446998280434,0.395446998280434,False,False,False,False,39,RepeatedHits,0,11504,0.4352,True,1
put,CLX,0.39537456293584367,2026-09-23T17:38:51.362622Z,-0.3011495207559624,-0.03713834150473821,0.02593149650694604,2.8,625,114,2026-11-20,80,CLX261120P00080000,-0.0452304056222395,2.800000000000001,85.22,0.1183190010455641,10640,7,0.395374562935844,0.395374562935844,False,False,False,False,38,RepeatedHits,0,10640,0.1824,True,1
call,CLX,0.30974640891176286,2026-09-23T14:41:49.056419Z,0.508332045216119,-0.0238275505381378,0.02000953940174154,7.1,88,47,2027-04-16,90,CLX270416C00090000,0.20528347693575819,7.099999999999992,85.87,0.2566772006467564,33370,5,0.309746408911763,0.309746408911763,False,False,False,False,47,RepeatedHits,15620,17750,0.534090909090909,True,1
call,CLX,0.32064702221403135,2026-09-23T14:03:24.834131Z,0.30574479722500614,-0.05542217919519757,0.05071621809396051,1.3,1450,136,2026-10-16,90,CLX261016C00090000,0.015733360423340077,1.295319148936165,85.9,0.07561254563533987,12176,12,0.318619330714378,0.321266138093008,False,False,False,False,94,RepeatedHitsDescendingFill,0,12176,0.0937931034482759,True,1
call,CLX,,2026-09-22T18:37:51.725044Z,,,,12.1,49,52,2027-04-16,80,CLX270416C00080000,,,86.61,,39930,13,0.283610173018095,0.283610173018095,False,False,False,False,33,RepeatedHits,0,39930,1.06122448979592,True,1
call,CLX,,2026-09-22T18:32:03.356615Z,,,,5.5,327,71,2027-04-16,95,CLX270416C00095000,,,86.68,,28600,15,0.303551648836463,0.303551648836463,False,False,False,False,52,RepeatedHits,12650,15950,0.217125382262997,True,1
call,CLX,,2026-09-21T17:53:17.931562Z,,,,6.6,48,51,2027-04-16,90,CLX270416C00090000,,,85.225,,19800,7,0.30094559054528,0.30094559054528,False,False,False,False,30,RepeatedHits,0,19800,1.0625,True,1
call,CLX,,2026-09-21T15:48:04.578520Z,,,,2.4,1192,1010,2026-10-16,85,CLX261016C00085000,,,84.1,,35040,15,0.308799142369297,0.308799142369297,False,False,False,False,146,RepeatedHits,0,35040,0.847315436241611,True,1
call,CLX,,2026-09-18T19:53:30.990833Z,,,,2.35,429,543,2026-11-20,90,CLX261120C00090000,,,83.41,,11750,11,0.332454044587478,0.332454044587478,False,False,False,False,50,RepeatedHits,0,8930,1.26573426573427,True,1
put,CLX,,2026-09-18T18:17:16.054121Z,,,,6.43,634,42,2026-09-18,90,CLX260918P00090000,,,83.6,,11572,7,2.52880946109382,2.52880946109382,False,False,False,False,18,RepeatedHitsAscendingFill,0,11572,0.0662460567823344,True,1
call,CLX,,2026-09-17T19:27:46.161795Z,,,,3.1,0,427,2026-11-20,90,CLX261120C00090000,,,85.23,,61993,28,0.335392252312522,0.335392252312522,False,False,False,False,200,RepeatedHits,0,61993,0,True,1
call,CLX,,2026-09-17T19:12:00.124261Z,,,,3.1,0,97,2026-11-20,90,CLX261120C00090000,,,85.11,,12400,8,0.338838054340423,0.338838054340423,False,False,False,False,40,RepeatedHits,12400,0,0,True,1
call,CLX,,2026-09-17T18:59:05.449623Z,,,,5,0,193,2026-11-20,85,CLX261120C00085000,,,85.13,,50000,17,0.326412486079354,0.326412486079354,False,False,False,False,100,RepeatedHits,0,50000,0,True,1
call,CLX,,2026-09-17T17:17:37.069926Z,,,,4.6,0,90,2026-11-20,85,CLX261120C00085000,,,84.41,,13800,8,0.325639708202887,0.325639708202887,False,False,False,False,30,RepeatedHits,0,13800,0,True,1
call,CLX,,2026-09-16T19:10:57.897420Z,,,,0.6,1607,610,2026-10-16,95,CLX261016C00095000,,,85.57,,18843,37,0.32680842842361,0.32680842842361,False,False,False,False,314,RepeatedHitsAscendingFill,18843,0,0.379589296826385,True,1
put,CLX,,2026-09-16T18:01:45.411341Z,,,,0.5,1286,326,2026-09-18,85,CLX260918P00085000,,,85.85,,12000,8,0.343238735765121,0.343238735765121,False,False,False,False,240,RepeatedHits,0,12000,0.253499222395023,True,1
call,CLX,,2026-09-16T17:28:10.960670Z,,,,4.2,112,81,2027-04-16,100,CLX270416C00100000,,,86.28,,27300,5,0.311644874662537,0.311644874662537,False,False,False,False,65,RepeatedHits,12180,15120,0.723214285714286,True,1
call,CLX,,2026-09-16T14:45:28.910056Z,,,,1.9,329,341,2026-10-16,90,CLX261016C00090000,,,86.43,,57950,12,0.326032896020569,0.326032896020569,False,False,False,False,305,RepeatedHits,8360,44650,1.03647416413374,True,1
put,CLX,,2026-09-15T15:28:42.178732Z,,,,4.29,2335,130,2026-10-16,90,CLX261016P00090000,,,88.165,,24015,7,0.327321202944002,0.335191407450944,False,False,False,False,56,RepeatedHitsAscendingFill,0,24015,0.0556745182012848,True,1
put,CLX,,2026-09-14T19:45:29.826460Z,,,,3.4,18,72,2027-04-16,75,CLX270416P00075000,,,89.37,,10200,11,0.380164990758134,0.380164990758134,False,False,False,False,30,RepeatedHits,0,10200,4,True,1
call,CLX,,2026-09-14T15:06:30.658049Z,,,,1.05,507,528,2026-09-18,90,CLX260918C00090000,,,89.1,,47762,43,0.385102286416538,0.385102286416538,False,False,False,False,455,RepeatedHitsDescendingFill,3780,43982,1.0414201183432,True,1
put,CLX,,2026-09-14T14:20:32.551068Z,,,,16,686,350,2027-03-19,100,CLX270319P00100000,,,88.82,,302400,8,0.412835133890711,0.412835133890711,False,False,False,False,189,RepeatedHits,168000,134400,0.510204081632653,True,1
put,CLX,,2026-09-14T13:59:54.691964Z,,,,10.77,1423,50,2027-01-15,95,CLX270115P00095000,,,88.7019,,53844,5,0.380615626272283,0.380615626272283,False,False,False,False,50,RepeatedHitsAscendingFill,0,53844,0.0351370344342937,True,1
put,CLX,,2026-09-11T18:18:38.602860Z,,,,2,1806,1550,2026-10-16,85,CLX261016P00085000,,,87.87,,196006,47,0.315325091146624,0.312787903335415,False,False,False,False,980,RepeatedHits,195806,200,0.858250276854928,True,1
call,CLX,,2026-09-11T15:23:57.906731Z,,,,7.3,178,185,2027-01-15,85,CLX270115C00085000,,,85.91,,67160,17,0.315422612910933,0.315422612910933,False,False,False,False,92,RepeatedHits,730,66430,1.03932584269663,True,1
put,CLX,,2026-09-11T15:05:31.385060Z,,,,1.1,955,450,2026-09-18,85,CLX260918P00085000,,,85.84,,19360,12,0.319901474600697,0.319901474600697,False,False,False,False,176,RepeatedHits,16940,2420,0.471204188481675,True,1
put,CLX,,2026-09-11T14:06:10.459127Z,,,,1.1,955,173,2026-09-18,85,CLX260918P00085000,,,85.81,,11550,15,0.317296742923521,0.317296742923521,False,False,True,False,105,RepeatedHits,11440,110,0.181151832460733,True,1
put,CLX,,2026-09-11T14:03:36.240784Z,,,,2.4,1249,378,2027-01-15,75,CLX270115P00075000,,,85.925,,86629,34,0.360280732624408,0.360280732624408,False,False,False,False,361,RepeatedHitsDescendingFill,0,86629,0.302642113690953,True,1
call,CLX,,2026-09-11T14:00:59.957114Z,,,,2,39,146,2026-09-18,85,CLX260918C00085000,,,85.875,,10600,5,0.314459322163701,0.314459322163701,False,False,False,False,53,RepeatedHits,10600,0,3.74358974358974,True,1
call,CLX,,2026-09-11T13:53:39.492634Z,,,,7.4,178,66,2027-01-15,85,CLX270115C00085000,,,86.462,,44400,5,0.303846404438006,0.303846404438006,False,False,False,False,60,RepeatedHits,44400,0,0.370786516853933,True,1
call,CLX,,2026-09-10T19:22:53.743449Z,,,,2.1,1163,206,2027-01-15,105,CLX270115C00105000,,,88.64,,32128,33,0.321248300684989,0.321248300684989,False,False,False,False,153,RepeatedHits,0,32128,0.177128116938951,True,1
call,CLX,,2026-09-10T16:51:03.768138Z,,,,5.4,236,100,2028-01-21,110,CLX280121C00110000,,,89.325,,54000,13,0.248116991779816,0.248116991779816,False,False,False,False,100,RepeatedHits,54000,0,0.423728813559322,True,1
call,CLX,,2026-09-10T13:45:26.133908Z,,,,3.16,696,80,2027-01-15,100,CLX270115C00100000,,,89.3398,,12018,7,0.308409343516155,0.309462434768766,False,False,False,False,38,RepeatedHitsDescendingFill,310,11393,0.114942528735632,True,1
call,CLX,,2026-09-10T13:45:22.929351Z,,,,3.12,696,40,2027-01-15,100,CLX270115C00100000,,,89.3398,,12472,5,0.307355221022238,0.305772074960368,False,False,False,False,40,RepeatedHitsAscendingFill,12472,0,0.0574712643678161,True,1
call,CLX,,2026-09-09T17:30:25.600747Z,,,,1.8,48,508,2026-09-18,90,CLX260918C00090000,,,89.9504,,22860,19,0.316423043032377,0.316423043032377,False,False,False,False,127,RepeatedHits,22860,0,10.5833333333333,True,1
call,CLX,,2026-09-09T15:07:42.193791Z,,,,1.7,48,336,2026-09-18,90,CLX260918C00090000,,,89.62,,33830,16,0.327943364954178,0.330530269814547,False,False,False,False,199,RepeatedHits,170,33660,7,True,1
put,CLX,,2026-09-09T14:44:24.481173Z,,,,10.5,788,16,2026-10-16,100,CLX261016P00100000,,,89.87,,11550,6,0.316849948061393,0.316849948061393,False,False,False,False,11,RepeatedHits,0,11550,0.0203045685279188,True,1
put,CLX,,2026-09-09T14:41:57.301539Z,,,,10.3,8540,21,2026-09-18,100,CLX260918P00100000,,,89.79,,11330,5,0.4460696653434,0.4460696653434,False,False,False,False,11,RepeatedHits,11330,0,0.00245901639344262,True,1
put,CLX,,2026-09-08T15:24:08.040720Z,,,,10.1,107,188,2027-04-16,95,CLX270416P00095000,,,93.16,,170690,6,0.354220169286869,0.354220169286869,False,False,False,False,169,RepeatedHits,94940,75750,1.75700934579439,True,1
put,CLX,,2026-09-04T15:36:52.749598Z,,,,11.5,443,13,2026-10-16,105,CLX261016P00105000,,,93.745,,10350,5,0.297822161187956,0.297822161187956,False,False,False,False,9,RepeatedHits,1150,9200,0.0293453724604966,True,1
put,CLX,,2026-09-04T13:53:10.009537Z,,,,5.1,175,35,2027-03-19,85,CLX270319P00085000,,,92.9,,16320,11,0.357486738506743,0.357486738506743,False,False,False,False,32,RepeatedHits,13770,0,0.2,True,1
put,CLX,,2026-09-02T15:32:00.326666Z,,,,9.2,6,51,2027-04-16,95,CLX270416P00095000,,,95.48,,14716,10,0.360841656086368,0.361254658441503,False,False,False,False,16,RepeatedHits,0,14716,8.5,True,1
put,CLX,,2026-09-01T19:50:33.798670Z,,,,11.59,450,250,2027-03-19,100,CLX270319P00100000,,,94.97,,289835,27,0.35128695866338,0.349499658934547,False,False,True,False,250,RepeatedHitsAscendingFill,289835,0,0.555555555555556,True,1
put,CLX,,2026-09-01T19:39:50.764354Z,,,,1.85,1316,559,2026-10-16,90,CLX261016P00090000,,,94.96,,58830,35,0.307977980656933,0.307977980656933,False,False,False,False,318,RepeatedHits,0,58830,0.424772036474164,True,1
put,CLX,,2026-09-01T18:55:02.490488Z,,,,6.8,50,41,2027-04-16,90,CLX270416P00090000,,,95.64,,27878,5,0.357672782394257,0.357672782394257,False,False,False,False,41,RepeatedHitsAscendingFill,0,27878,0.82,True,1
put,CLX,,2026-09-01T17:59:41.043527Z,,,,1.55,1886,407,2027-01-15,80,CLX270115P00080000,,,96.415,,20150,8,0.335527772797309,0.335527772797309,False,False,False,False,130,RepeatedHits,16120,0,0.215800636267232,True,1
call,CLX,,2026-09-01T14:59:58.876520Z,,,,3.2,1209,57,2026-10-16,100,CLX261016C00100000,,,97.42,,14080,6,0.302265696861406,0.302265696861406,False,False,False,False,44,RepeatedHits,0,14080,0.0471464019851117,True,1
put,CLX,,2026-08-31T18:25:14.614727Z,,,,1.15,580,685,2026-10-16,90,CLX261016P00090000,,,97.75,,13915,6,0.299724986926703,0.299724986926703,False,False,False,False,121,RepeatedHits,0,13340,1.18103448275862,True,1
call,CLX,,2026-08-31T18:01:36.604657Z,,,,4.6,26,198,2026-09-18,95,CLX260918C00095000,,,98.25,,81420,33,0.295083904659059,0.295083904659059,False,False,False,False,177,RepeatedHits,81420,0,7.61538461538461,True,1
call,CLX,,2026-08-31T16:05:16.759955Z,,,,2.18,1408,153,2026-09-18,100,CLX260918C00100000,,,98.825,,21754,7,0.299367724691975,0.302816996130624,False,False,False,False,100,RepeatedHitsDescendingFill,0,21754,0.108664772727273,True,1
put,CLX,,2026-08-31T14:40:38.787237Z,,,,1.05,580,249,2026-10-16,90,CLX261016P00090000,,,98.5,,10500,16,0.303729075288289,0.303729075288289,False,False,False,False,100,RepeatedHits,0,5250,0.429310344827586,True,1
put,CLX,,2026-08-31T14:14:20.559063Z,,,,0.4,577,382,2026-10-16,85,CLX261016P00085000,,,99.11,,14640,36,0.322955475885609,0.322955475885609,False,False,False,False,366,RepeatedHits,0,14640,0.662045060658579,True,1
call,CLX,,2026-08-28T19:30:49.830917Z,,,,1.9,3870,463,2026-09-18,105,CLX260918C00105000,,,102.76,,19000,5,0.281106495860684,0.281106495860684,False,False,False,False,100,RepeatedHits,2090,16910,0.119638242894057,True,1
call,CLX,,2026-08-28T19:11:04.801923Z,,,,1.9,3870,355,2026-09-18,105,CLX260918C00105000,,,102.725,,19000,5,0.282574903926385,0.282574903926385,False,False,False,False,100,RepeatedHits,0,19000,0.0917312661498708,True,1
call,CLX,,2026-08-27T14:29:57.098478Z,,,,1.25,837,95,2026-10-16,115,CLX261016C00115000,,,103.465,,11000,9,0.304583748942147,0.304583748942147,False,False,False,False,88,RepeatedHits,11000,0,0.113500597371565,True,1
put,CLX,,2026-08-25T17:40:59.334374Z,,,,3,794,429,2026-09-18,105,CLX260918P00105000,,,104.765,,32703,31,0.281244623337782,0.281244623337782,False,False,False,False,109,RepeatedHitsAscendingFill,32703,0,0.540302267002519,True,1
put,CLX,,2026-08-25T17:40:55.127644Z,,,,3,794,320,2026-09-18,105,CLX260918P00105000,,,104.765,,10803,16,0.282178425866052,0.282178425866052,False,False,False,False,36,RepeatedHitsDescendingFill,10803,0,0.403022670025189,True,1
put,CLX,,2026-08-25T17:29:08.840803Z,,,,3.1,794,86,2026-09-18,105,CLX260918P00105000,,,104.68,,13330,20,0.286723782537636,0.286723782537636,False,False,False,False,43,RepeatedHits,13330,0,0.10831234256927,True,1
put,CLX,,2026-08-21T19:41:43.673250Z,,,,5.3,1340,50,2027-01-15,100,CLX270115P00100000,,,106.78,,22260,6,0.341833422009124,0.341833422009124,False,False,False,False,42,RepeatedHits,0,13250,0.0373134328358209,True,1
call,CLX,,2026-08-21T13:52:52.391589Z,,,,3.7,3257,121,2026-09-18,105,CLX260918C00105000,,,105.3341,,22200,18,0.290548499628805,0.290548499628805,False,False,False,False,60,RepeatedHits,22200,0,0.0371507522259748,True,1
call,CLX,,2026-08-21T13:52:34.755309Z,,,,3.7,3257,61,2026-09-18,105,CLX260918C00105000,,,105.38,,22200,17,0.288375393294141,0.288849651159945,False,False,False,False,60,RepeatedHits,22200,0,0.0187288916180534,True,1
put,CLX,,2026-08-20T15:54:20.040907Z,,,,3.4,1224,41,2027-01-15,95,CLX270115P00095000,,,107.16,,11220,6,0.336694280512962,0.336694280512962,False,False,False,False,33,RepeatedHits,11220,0,0.0334967320261438,True,1
call,CLX,,2026-08-20T13:53:39.398398Z,,,,3.2,5352,763,2026-09-18,110,CLX260918C00110000,,,108.625,,12800,12,0.301507230839229,0.301507230839229,False,False,True,False,40,RepeatedHits,12800,0,0.142563527653214,True,1
call,CLX,,2026-08-20T13:53:31.382988Z,,,,3.2,5352,647,2026-09-18,110,CLX260918C00110000,,,108.625,,56000,16,0.301507230839229,0.301507230839229,False,False,True,False,175,RepeatedHits,56000,0,0.120889387144993,True,1
call,CLX,,2026-08-20T13:53:22.771934Z,,,,3.2,5352,471,2026-09-18,110,CLX260918C00110000,,,108.67,,130240,6,0.29976179134663,0.29976179134663,False,False,True,False,407,RepeatedHits,130240,0,0.0880044843049327,True,1
call,CLX,,2026-08-20T13:36:38.448657Z,,,,3.26,5352,57,2026-09-18,110,CLX260918C00110000,,,108.85,,13365,5,0.300911145133872,0.300911145133872,False,False,False,False,41,RepeatedHitsDescendingFill,0,13365,0.0106502242152466,True,1
call,CLX,,2026-08-19T19:17:31.082435Z,,,,3.5,5574,3072,2026-08-21,105,CLX260821C00105000,,,108.31,,35000,5,0.359766907226513,0.342196224520759,False,False,False,False,100,RepeatedHits,0,35000,0.551130247578041,True,1
call,CLX,,2026-08-19T19:11:27.601600Z,,,,3.3,5574,2670,2026-08-21,105,CLX260821C00105000,,,108.18,,33000,7,0.30163723506594,0.344793436220324,False,False,False,False,100,RepeatedHits,0,33000,0.479009687836383,True,1
call,CLX,,2026-08-19T19:10:16.715591Z,,,,3.1,5574,2470,2026-08-21,105,CLX260821C00105000,,,107.9,,31000,5,0.334800897248464,0.35420469207967,False,False,False,False,100,RepeatedHits,0,31000,0.443128812343021,True,1
call,CLX,,2026-08-19T17:25:44.690322Z,,,,2.5,5443,487,2026-09-18,110,CLX260918C00110000,,,106.85,,15500,8,0.301988895899139,0.301988895899139,False,False,False,False,62,RepeatedHits,15500,0,0.0894727172515157,True,1
call,CLX,,2026-08-19T15:03:01.124341Z,,,,2.35,5574,1450,2026-08-21,105,CLX260821C00105000,,,106.96,,82250,8,0.345976535222831,0.352339958909101,False,False,False,False,350,RepeatedHits,0,82250,0.260136347326875,True,1
call,CLX,,2026-08-19T15:02:40.668333Z,,,,2.5,752,121,2026-10-16,115,CLX261016C00115000,,,106.94,,18500,12,0.307393328550032,0.307393328550032,False,False,True,False,74,RepeatedHits,18250,0,0.160904255319149,True,1
call,CLX,,2026-08-19T15:02:39.864143Z,,,,2.4,5574,651,2026-08-21,105,CLX260821C00105000,,,107.03,,48240,6,0.344163701872053,0.344163701872053,False,False,False,False,201,RepeatedHits,0,48240,0.116792249730893,True,1
put,CLX,,2026-08-19T14:58:00.085132Z,,,,5.3,38,24,2026-09-18,110,CLX260918P00110000,,,106.825,,12720,10,0.299972169196367,0.299716666513007,False,False,False,False,24,RepeatedHits,11660,1060,0.631578947368421,True,1
call,CLX,,2026-08-18T15:33:00.994570Z,,,,2.45,7562,241,2026-08-21,105,CLX260821C00105000,,,106.79,,34300,7,0.351777066720368,0.351777066720368,False,False,False,False,140,RepeatedHits,0,34300,0.0318698756942608,True,1
put,CLX,,2026-08-18T14:56:35.467516Z,,,,7,40,385,2027-03-19,100,CLX270319P00100000,,,107.2,,16100,5,0.35729088940013,0.35729088940013,False,False,False,False,23,RepeatedHits,16100,0,9.625,True,1
put,CLX,,2026-08-18T14:56:33.063263Z,,,,7,40,362,2027-03-19,100,CLX270319P00100000,,,107.26,,245000,11,0.357942147322853,0.357942147322853,False,False,False,False,350,RepeatedHits,198100,46900,9.05,True,1
call,CLX,,2026-08-17T19:34:44.447370Z,,,,7.74,1438,183,2026-09-18,100,CLX260918C00100000,,,105.98,,46464,7,0.318985984414299,0.318985984414299,False,False,False,False,60,RepeatedHitsDescendingFill,44118,2346,0.127260083449235,True,1
call,CLX,,2026-08-17T19:05:37.594741Z,,,,7.78,1438,123,2026-09-18,100,CLX260918C00100000,,,106.11,,46700,5,0.305642445315972,0.305642445315972,False,False,False,False,60,RepeatedHits,46700,0,0.0855354659248957,True,1
call,CLX,,2026-08-17T15:20:09.365751Z,,,,7.15,1438,60,2026-09-18,100,CLX260918C00100000,,,105.3,,42908,8,0.304919956732759,0.304919956732759,False,False,False,False,60,RepeatedHitsDescendingFill,42908,0,0.0417246175243394,True,1
call,CLX,,2026-08-17T15:05:05.704053Z,,,,2.55,5248,222,2026-09-18,110,CLX260918C00110000,,,106.73,,29835,38,0.299649197036566,0.299649197036566,False,False,False,False,117,RepeatedHits,28815,0,0.0423018292682927,True,1
put,CLX,,2026-08-13T19:23:45.695300Z,,,,2.85,600,600,2026-09-18,105,CLX260918P00105000,,,106.98,,25935,20,0.296066532833393,0.296066532833393,False,False,False,False,91,RepeatedHits,0,25935,1,True,1
call,CLX,,2026-08-13T18:14:34.484966Z,,,,2.25,714,91,2026-10-16,115,CLX261016C00115000,,,105.42,,19123,21,0.304607438698839,0.304607438698839,False,False,False,False,85,RepeatedHits,225,18898,0.127450980392157,True,1
call,CLX,,2026-08-12T18:43:23.527156Z,,,,2.4,672,69,2026-10-16,115,CLX261016C00115000,,,105.935,,13440,9,0.301943388109059,0.301943388109059,False,False,True,False,56,RepeatedHits,240,13200,0.102678571428571,True,1
call,CLX,,2026-08-12T18:43:23.527156Z,,,,4,1025,133,2026-10-16,110,CLX261016C00110000,,,105.935,,40786,27,0.303627822826647,0.303627822826647,False,False,False,False,102,RepeatedHitsDescendingFill,0,40386,0.129756097560976,True,1
put,CLX,,2026-08-12T18:43:23.527156Z,,,,7.24,137,32,2026-10-16,110,CLX261016P00110000,,,105.935,,23170,7,0.30330781163884,0.30330781163884,False,False,True,False,32,RepeatedHitsDescendingFill,13680,9490,0.233576642335766,True,1
call,CLX,,2026-08-12T18:43:23.527156Z,,,,6.3,846,62,2026-10-16,105,CLX261016C00105000,,,105.935,,29609,16,0.307077380417056,0.307077380417056,False,False,False,False,47,RepeatedHits,630,28979,0.0732860520094563,True,1
put,CLX,,2026-08-12T18:43:23.527156Z,,,,4.54,296,118,2026-10-16,105,CLX261016P00105000,,,105.935,,51340,7,0.304787211222175,0.304787211222175,False,False,False,False,113,RepeatedHitsDescendingFill,42600,8740,0.398648648648649,True,1
call,CLX,,2026-08-12T18:00:49.614938Z,,,,2.45,8202,267,2026-08-21,105,CLX260821C00105000,,,105.86,,43120,11,0.292882602925115,0.292882602925115,False,False,True,False,176,RepeatedHits,0,43120,0.0325530358449159,True,1
call,CLX,,2026-08-11T19:57:30.538997Z,,,,3.5,9237,1439,2026-08-21,105,CLX260821C00105000,,,108.32,,12250,5,0.131303593955448,0.131303593955448,False,False,True,False,35,RepeatedHits,0,12250,0.155786510771896,True,1
call,CLX,,2026-08-11T17:37:42.244492Z,,,,3.5,9237,1258,2026-08-21,105,CLX260821C00105000,,,108.09,,35000,5,0.189431343641769,0.189431343641769,False,False,False,False,100,RepeatedHits,0,35000,0.136191404135542,True,1
call,CLX,,2026-08-11T16:38:56.473531Z,,,,5.4,3198,140,2026-09-18,105,CLX260918C00105000,,,108.055,,57243,19,0.247287412470578,0.247287412470578,False,False,False,False,106,RepeatedHits,57243,0,0.0437773608505316,True,1
call,CLX,,2026-08-11T16:02:43.598034Z,,,,3.5,9237,365,2026-08-21,105,CLX260821C00105000,,,108.33,,38150,6,0.127173588643771,0.127173588643771,False,False,False,False,109,RepeatedHits,0,38150,0.0395149940456858,True,1
call,CLX,,2026-08-11T16:00:12.980919Z,,,,3.5,9237,174,2026-08-21,105,CLX260821C00105000,,,108.19,,23800,5,0.168839058926051,0.168839058926051,False,False,True,False,68,RepeatedHits,0,23800,0.0188372848327379,True,1
call,CLX,,2026-08-10T19:11:37.122234Z,,,,7.2,2681,110,2026-08-21,100,CLX260821C00100000,,,107.095,,13674,9,0.321234482339937,0.321234482339937,False,False,False,False,19,RepeatedHitsDescendingFill,0,11514,0.041029466616934,True,1
call,CLX,,2026-08-10T17:44:04.451915Z,,,,4.5,949,171,2026-10-16,110,CLX261016C00110000,,,107.46,,25650,16,0.288259388358087,0.288259388358087,False,False,False,False,57,RepeatedHits,25650,0,0.180189673340358,True,1
call,CLX,,2026-08-10T15:46:06.245616Z,,,,3.4,12170,220,2026-08-21,105,CLX260821C00105000,,,107.76,,46920,6,0.211017552034189,0.211017552034189,False,False,True,False,138,RepeatedHits,0,46920,0.0180772391125719,True,1
call,CLX,,2026-08-10T15:29:23.220113Z,,,,3.29,2409,2473,2026-09-18,110,CLX260918C00110000,,,107.85,,101003,5,0.28823332367112,0.28823332367112,False,False,False,False,307,RepeatedHits,0,101003,1.02656704026567,True,1
call,CLX,,2026-08-10T15:28:37.378405Z,,,,3.2,2409,2166,2026-09-18,110,CLX260918C00110000,,,107.805,,644160,10,0.283238493937492,0.283238493937492,False,False,True,False,2013,RepeatedHits,644160,0,0.899128268991283,True,1
put,CLX,,2026-08-10T15:27:55.741765Z,,,,0.65,7358,1002,2026-09-18,95,CLX260918P00095000,,,107.6361,,61945,5,0.335288674363097,0.335288674363097,False,False,False,False,953,RepeatedHits,0,61945,0.136178309323186,True,1
call,CLX,,2026-08-10T15:04:11.100456Z,,,,7.6,2681,60,2026-08-21,100,CLX260821C00100000,,,107.1389,,38000,6,0.338781338496734,0.338781338496734,False,False,False,False,50,RepeatedHits,0,38000,0.0223797090637822,True,1
call,CLX,,2026-08-10T14:29:46.614245Z,,,,5.6,659,44,2027-01-15,115,CLX270115C00115000,,,106.13,,20146,9,0.300262872126262,0.299527119854903,False,False,False,False,36,RepeatedHitsAscendingFill,0,20146,0.0667678300455235,True,1
call,CLX,,2026-08-07T15:29:44.846847Z,,,,2.5,12365,241,2026-08-21,105,CLX260821C00105000,,,105.81,,52757,34,0.240793260193253,0.240793260193253,False,False,False,False,211,RepeatedHits,52757,0,0.0194904973716134,True,1
put,CLX,,2026-08-07T15:02:59.128111Z,,,,2.1,853,105,2026-09-18,100,CLX260918P00100000,,,106.35,,17430,17,0.340658697324881,0.340658697324881,False,False,False,False,83,RepeatedHits,17430,0,0.123094958968347,True,1
call,CLX,,2026-08-06T17:53:00.829774Z,,,,1.05,1538,448,2026-08-21,110,CLX260821C00110000,,,105.94,,33075,39,0.290504214883873,0.290504214883873,False,False,False,False,315,RepeatedHits,105,32970,0.291287386215865,True,1
call,CLX,,2026-08-06T17:06:25.048870Z,,,,11.6,1301,50,2026-09-18,95,CLX260918C00095000,,,106.235,,49880,13,0.271319271258089,0.202597340406791,False,False,False,False,43,RepeatedHits,48720,1160,0.0384319754035357,True,1
call,CLX,,2026-08-05T16:27:10.467353Z,,,,3.9,1313,38,2027-01-15,120,CLX270115C00120000,,,104.57,,11700,18,0.305670613826156,0.305670613826156,False,False,False,False,30,RepeatedHits,0,11700,0.0289413556740289,True,1
put,CLX,,2026-08-05T16:02:23.372671Z,,,,1.75,241,130,2026-08-21,100,CLX260821P00100000,,,103.77,,16625,22,0.394978266631961,0.394978266631961,False,False,False,False,95,RepeatedHits,16625,0,0.539419087136929,True,1
call,CLX,,2026-08-04T19:44:51.467231Z,,,,2.7,1775,1804,2026-09-18,110,CLX260918C00110000,,,104.6,,22410,7,0.31667695282129,0.31667695282129,False,False,False,False,83,RepeatedHits,0,22410,1.01633802816901,True,1
put,CLX,,2026-08-04T17:55:47.560409Z,,,,13.6,320,47,2027-01-15,110,CLX270115P00110000,,,103.48,,51671,15,0.396456269165106,0.396456269165106,False,False,False,False,38,RepeatedHitsDescendingFill,1360,50311,0.146875,True,1
put,CLX,,2026-08-04T17:55:47.560409Z,,,,10.5,793,72,2027-01-15,105,CLX270115P00105000,,,103.48,,73500,22,0.387665095456896,0.387665095456896,False,False,False,False,70,RepeatedHits,9450,64050,0.0907944514501892,True,1
call,CLX,,2026-08-04T16:00:53.412268Z,,,,1.7,7695,2115,2026-08-21,105,CLX260821C00105000,,,102.38,,245655,43,0.308102688495349,0.320752009315255,False,False,False,False,1445,RepeatedHits,170,245485,0.274853801169591,True,1
call,CLX,,2026-08-04T14:39:48.663142Z,,,,1.65,1775,1474,2026-09-18,110,CLX260918C00110000,,,101.115,,13365,6,0.318486030430723,0.318486030430723,False,False,False,False,81,RepeatedHits,0,13365,0.830422535211268,True,1
call,CLX,,2026-08-04T14:39:25.617130Z,,,,1.65,1775,1362,2026-09-18,110,CLX260918C00110000,,,101.2,,27885,14,0.316579039780778,0.316579039780778,False,False,False,False,169,RepeatedHits,0,15510,0.767323943661972,True,1
call,CLX,,2026-08-04T14:08:15.348832Z,,,,1.6,1775,1188,2026-09-18,110,CLX260918C00110000,,,100.59,,188148,52,0.32576307680269,0.32576307680269,False,False,False,False,1176,RepeatedHitsDescendingFill,0,188148,0.669295774647887,True,1
call,CLX,,2026-08-03T19:54:22.204255Z,,,,2.67,2783,991,2026-08-21,100,CLX260821C00100000,,,98.245,,18130,25,0.384990568331844,0.39079242953048,False,False,False,False,68,RepeatedHitsDescendingFill,17860,270,0.356090549766439,True,1
call,CLX,,2026-08-03T19:08:53.934580Z,,,,1.2,1564,411,2026-09-18,110,CLX260918C00110000,,,97.55,,41760,9,0.347468934867075,0.347468934867075,False,False,False,False,348,RepeatedHits,35520,6240,0.262787723785166,True,1
put,CLX,,2026-08-03T18:44:51.683431Z,,,,13.9,764,69,2027-01-15,105,CLX270115P00105000,,,97.51,,33360,9,0.404970149558445,0.404970149558445,False,False,False,False,24,RepeatedHits,13900,19460,0.0903141361256544,True,1
put,CLX,,2026-08-03T18:44:51.683431Z,,,,10.74,1188,87,2027-01-15,100,CLX270115P00100000,,,97.51,,71970,23,0.399016557292742,0.399016557292742,False,False,False,False,67,RepeatedHitsDescendingFill,41730,30240,0.0732323232323232,True,1
put,CLX,,2026-08-03T18:12:19.671198Z,,,,5.17,548,98,2026-10-16,95,CLX261016P00095000,,,97.445,,39260,13,0.387880948894664,0.387880948894664,False,False,False,False,76,RepeatedHits,13260,26000,0.178832116788321,True,1
put,CLX,,2026-08-03T18:12:19.671198Z,,,,13.96,764,45,2027-01-15,105,CLX270115P00105000,,,97.445,,62828,21,0.407488787489263,0.407488787489263,False,False,False,False,45,RepeatedHitsDescendingFill,25030,37798,0.0589005235602094,True,1
call,CLX,,2026-08-03T16:33:13.645950Z,,,,2.6,2783,448,2026-08-21,100,CLX260821C00100000,,,97.98,,78520,28,0.392686950407518,0.392686950407518,False,False,False,False,302,RepeatedHits,780,77740,0.16097736255839,True,1
call,CLX,,2026-07-31T19:27:39.078829Z,,,,2.95,1252,262,2026-09-18,100,CLX260918C00100000,,,95.61,,71090,18,0.325104432624473,0.325104432624473,False,False,False,False,241,RepeatedHits,590,70500,0.20926517571885,True,1
put,CLX,,2026-07-31T18:37:57.319882Z,,,,8.8,279,54,2026-10-16,100,CLX261016P00100000,,,96,,47520,27,0.396861085029393,0.396861085029393,False,False,False,False,54,RepeatedHits,880,46640,0.193548387096774,True,1
call,CLX,,2026-07-31T17:14:00.160509Z,,,,1.9,2685,116,2026-08-21,100,CLX260821C00100000,,,95.74,,15390,6,0.380969884728261,0.380969884728261,False,False,False,False,81,RepeatedHits,190,15200,0.0432029795158287,True,1
call,CLX,,2026-07-31T16:20:16.191780Z,,,,2.8,609,224,2026-10-16,105,CLX261016C00105000,,,96.065,,61600,18,0.32744308417695,0.32744308417695,False,False,False,False,220,RepeatedHits,1120,60480,0.367816091954023,True,1
put,CLX,,2026-07-31T15:52:21.739287Z,,,,8,636,146,2026-09-18,100,CLX260918P00100000,,,95.99,,116793,35,0.42698069105065,0.42698069105065,False,False,False,False,146,RepeatedHitsDescendingFill,0,116793,0.229559748427673,True,1
call,CLX,,2026-07-31T15:11:10.393840Z,,,,5,1025,283,2026-09-18,95,CLX260918C00095000,,,95.47,,140000,29,0.324614163959149,0.324614163959149,False,False,False,False,280,RepeatedHits,0,140000,0.27609756097561,True,1
call,CLX,,2026-07-31T14:42:39.378462Z,,,,0.8,7195,397,2026-08-21,105,CLX260821C00105000,,,95.61,,11360,10,0.387886157079586,0.387886157079586,False,False,False,False,142,RepeatedHits,160,11200,0.0551772063933287,True,1
call,CLX,,2026-07-31T13:46:05.434157Z,,,,0.75,7195,243,2026-08-21,105,CLX260821C00105000,,,95.46,,15675,14,0.38369412882587,0.38369412882587,False,False,False,False,209,RepeatedHits,75,15600,0.0337734537873523,True,1
call,CLX,,2026-07-30T16:23:33.711462Z,,,,2.25,2625,174,2026-08-21,100,CLX260821C00100000,,,96.65,,33750,5,0.374292398119565,0.374292398119565,False,False,False,False,150,RepeatedHits,13500,6750,0.0662857142857143,True,1
put,CLX,,2026-07-29T18:40:51.991557Z,,,,5.1,1286,38,2027-01-15,90,CLX270115P00090000,,,99.6995,,16320,8,0.382707723033832,0.382707723033832,False,False,False,False,32,RepeatedHits,15810,510,0.0295489891135303,True,1
call,CLX,,2026-07-29T14:25:35.472786Z,,,,4,610,35,2027-01-15,115,CLX270115C00115000,,,99.015,,10799,8,0.324560556976638,0.324560556976638,False,False,False,False,27,RepeatedHits,0,10799,0.0573770491803279,True,1
call,CLX,,2026-07-28T19:47:28.351898Z,,,,2.2,6508,762,2026-08-21,105,CLX260821C00105000,,,100.42,,83363,40,0.380729023889982,0.380729023889982,False,False,False,False,379,RepeatedHitsDescendingFill,0,83363,0.117086662569146,True,1
put,CLX,,2026-07-28T17:27:12.922998Z,,,,10,1157,15,2027-01-15,100,CLX270115P00100000,,,99.135,,12000,7,0.391488468330708,0.391488468330708,False,False,False,False,12,RepeatedHits,12000,0,0.0129645635263613,True,1
call,CLX,,2026-07-28T17:08:33.238605Z,,,,3.6,2375,320,2026-08-21,100,CLX260821C00100000,,,99.26,,28800,15,0.377410240755743,0.378637814377677,False,False,False,False,80,RepeatedHits,0,19800,0.134736842105263,True,1
put,CLX,,2026-07-28T16:44:44.107303Z,,,,11.7,56,46,2027-03-19,100,CLX270319P00100000,,,98.98,,22230,6,0.399754953444312,0.399754953444312,False,False,False,False,19,RepeatedHits,22230,0,0.821428571428571,True,1
put,CLX,,2026-07-28T16:43:35.001190Z,,,,11.7,56,24,2027-03-19,100,CLX270319P00100000,,,98.925,,18720,8,0.399013444345,0.399013444345,False,False,False,False,16,RepeatedHits,17550,1170,0.428571428571429,True,1
call,CLX,,2026-07-28T15:43:57.985736Z,,,,6.4,970,641,2026-10-16,100,CLX261016C00100000,,,100.12,,99201,16,0.317091156077372,0.317091156077372,False,False,False,False,155,RepeatedHits,92801,6400,0.660824742268041,True,1
put,CLX,,2026-07-28T15:29:49.567404Z,,,,6.5,455,55,2027-03-19,90,CLX270319P00090000,,,100.3,,35750,8,0.39403354731985,0.39403354731985,False,False,False,False,55,RepeatedHits,33800,1950,0.120879120879121,True,1
call,CLX,,2026-07-28T15:00:31.656253Z,,,,7.1,3196,65,2026-08-21,95,CLX260821C00095000,,,100.505,,12070,5,0.351263212435092,0.351263212435092,False,False,False,False,17,RepeatedHits,12070,0,0.0203379224030038,True,1
call,CLX,,2026-07-28T14:25:06.040839Z,,,,3.1,835,42,2026-10-16,110,CLX261016C00110000,,,100.685,,11470,6,0.329100454708185,0.329100454708185,False,False,False,False,37,RepeatedHits,0,11470,0.0502994011976048,True,1
call,CLX,,2026-07-27T19:35:37.355964Z,,,,12.8,171,61,2026-08-21,85,CLX260821C00085000,,,97.3,,25600,5,0.361832244478632,0.361832244478632,False,False,False,False,20,RepeatedHits,0,3840,0.35672514619883,True,1
call,CLX,,2026-07-27T19:34:11.835597Z,,,,12.8,171,41,2026-08-21,85,CLX260821C00085000,,,97.305,,51200,5,0.36040574164941,0.36040574164941,False,False,False,False,40,RepeatedHits,0,5120,0.239766081871345,True,1
call,CLX,,2026-07-27T18:45:16.927188Z,,,,5.2,3093,314,2026-08-21,95,CLX260821C00095000,,,97.465,,43162,13,0.367536612763006,0.367536612763006,False,False,False,False,83,RepeatedHits,43162,0,0.101519560297446,True,1
call,CLX,,2026-07-27T14:57:48.679231Z,,,,2.8,2223,197,2026-08-21,100,CLX260821C00100000,,,97.385,,12612,6,0.377643995890671,0.377643995890671,False,False,False,False,45,RepeatedHitsDescendingFill,12612,0,0.0886189833558255,True,1
call,CLX,,2026-07-27T14:32:18.909655Z,,,,4.9,3093,122,2026-08-21,95,CLX260821C00095000,,,96.74,,41650,21,0.382768115233726,0.382768115233726,False,False,True,False,85,RepeatedHits,0,41650,0.0394439055932751,True,1
call,CLX,,2026-07-24T18:20:37.840381Z,,,,6.9,825,165,2026-08-21,90,CLX260821C00090000,,,95.375,,15180,5,0.328121686761047,0.328121686761047,False,False,False,False,22,RepeatedHits,15180,0,0.2,True,1
call,CLX,,2026-07-24T17:12:07.810194Z,,,,6.7,825,93,2026-08-21,90,CLX260821C00090000,,,95.17,,13400,6,0.322744877468109,0.322744877468109,False,False,False,False,20,RepeatedHits,13400,0,0.112727272727273,True,1
call,CLX,,2026-07-24T16:22:56.201162Z,,,,6.9,825,42,2026-08-21,90,CLX260821C00090000,,,95.37,,14490,9,0.328589076849059,0.324828825959501,False,False,False,False,21,RepeatedHits,14490,0,0.0509090909090909,True,1
call,CLX,,2026-07-24T16:03:25.892182Z,,,,4.3,939,395,2026-10-16,100,CLX261016C00100000,,,95.47,,49020,24,0.319244454321117,0.319244454321117,False,False,False,False,114,RepeatedHits,49020,0,0.420660276890309,True,1
call,CLX,,2026-07-24T15:23:49.445133Z,,,,4.6,939,249,2026-10-16,100,CLX261016C00100000,,,95.89,,51520,19,0.325592683916011,0.325592683916011,False,False,False,False,112,RepeatedHits,51520,0,0.26517571884984,True,1
call,CLX,,2026-07-24T15:23:19.596689Z,,,,9.4,83,27,2026-10-16,90,CLX261016C00090000,,,95.76,,25380,8,0.311130349084553,0.311130349084553,False,False,False,False,27,RepeatedHits,940,24440,0.325301204819277,True,1
call,CLX,,2026-07-24T14:49:55.681192Z,,,,11,123,48,2026-08-21,85,CLX260821C00085000,,,95.39,,52800,7,0.325869658293995,0.325869658293995,False,False,False,False,48,RepeatedHits,52800,0,0.390243902439024,True,1
put,CLX,,2026-07-24T14:33:23.101369Z,,,,6.5,395,215,2026-10-16,95,CLX261016P00095000,,,95.24,,85157,27,0.388832048723514,0.388832048723514,False,False,False,False,131,RepeatedHits,85157,0,0.544303797468354,True,1
call,CLX,,2026-07-23T17:52:47.382393Z,,,,8.1,603,21,2027-01-15,95,CLX270115C00095000,,,93.55,,12960,6,0.30623101977632,0.30623101977632,False,False,False,False,16,RepeatedHits,0,12960,0.0348258706467662,True,1
call,CLX,,2026-07-23T17:04:04.436574Z,,,,0.85,6722,478,2026-08-21,105,CLX260821C00105000,,,94.02,,32746,48,0.375669222623838,0.375669222623838,False,False,False,False,385,RepeatedHitsAscendingFill,32746,0,0.0711097887533472,True,1
call,CLX,,2026-07-23T16:09:23.091759Z,,,,1.69,3885,1457,2026-09-18,105,CLX260918C00105000,,,94.11,,136721,8,0.340578581045587,0.34016231342919,False,False,False,False,809,RepeatedHits,105287,31434,0.375032175032175,True,1
call,CLX,,2026-07-23T14:41:59.262926Z,,,,4.9,1056,36,2026-09-18,95,CLX260918C00095000,,,94.43,,17640,6,0.329534124953431,0.329534124953431,False,False,False,False,36,RepeatedHits,3430,14210,0.0340909090909091,True,1
call,CLX,,2026-07-23T14:15:04.260843Z,,,,3.6,2400,354,2026-08-21,95,CLX260821C00095000,,,93.87,,117355,28,0.37827798144343,0.37827798144343,False,False,False,False,326,RepeatedHits,0,117355,0.1475,True,1
put,CLX,,2026-07-22T19:24:34.966832Z,,,,9.3,263,68,2026-10-16,100,CLX261016P00100000,,,95.65,,56730,18,0.395896984255665,0.395896984255665,False,False,False,False,61,RepeatedHits,0,56730,0.258555133079848,True,1
call,CLX,,2026-07-22T19:03:43.522060Z,,,,3.6,1166,114,2026-09-18,100,CLX260918C00100000,,,95.9,,18360,16,0.332615894519975,0.332615894519975,False,False,False,False,51,RepeatedHits,0,18360,0.097770154373928,True,1
call,CLX,,2026-07-22T17:32:38.809515Z,,,,4.6,610,387,2026-10-16,100,CLX261016C00100000,,,95.79,,17480,16,0.324153988028145,0.324153988028145,False,False,False,False,38,RepeatedHits,0,17480,0.634426229508197,True,1
put,CLX,,2026-07-22T16:48:39.427105Z,,,,8,445,246,2026-09-18,100,CLX260918P00100000,,,96.44,,115200,30,0.412369364039032,0.412369364039032,False,False,False,False,144,RepeatedHits,0,115200,0.552808988764045,True,1
call,CLX,,2026-07-22T16:12:27.691049Z,,,,2.15,785,127,2026-10-16,110,CLX261016C00110000,,,96.375,,24940,23,0.334649170864822,0.334649170864822,False,False,False,False,116,RepeatedHits,0,24940,0.161783439490446,True,1
call,CLX,,2026-07-22T16:10:28.964864Z,,,,8,749,49,2026-08-21,90,CLX260821C00090000,,,96.435,,39200,12,0.349715468569586,0.349715468569586,False,False,False,False,49,RepeatedHits,39200,0,0.0654205607476635,True,1
put,CLX,,2026-07-22T15:48:55.358887Z,,,,7.8,445,102,2026-09-18,100,CLX260918P00100000,,,96.77,,79560,30,0.410868364102812,0.410868364102812,False,False,False,False,102,RepeatedHits,0,79560,0.229213483146067,True,1
call,CLX,,2026-07-22T14:39:46.941290Z,,,,5,610,238,2026-10-16,100,CLX261016C00100000,,,96.36,,117983,40,0.331784992040253,0.331784992040253,False,False,False,False,236,RepeatedHitsDescendingFill,500,117483,0.390163934426229,True,1
call,CLX,,2026-07-22T14:15:32.619455Z,,,,3.3,507,81,2026-10-16,105,CLX261016C00105000,,,96.31,,22440,15,0.332648021966521,0.332648021966521,False,False,False,False,68,RepeatedHits,0,22440,0.159763313609467,True,1
call,CLX,,2026-07-21T18:54:45.451232Z,,,,7.3,414,338,2026-08-21,90,CLX260821C00090000,,,95.55,,41628,15,0.34032464941002,0.34032464941002,False,False,False,False,57,RepeatedHitsAscendingFill,41628,0,0.816425120772947,True,1
call,CLX,,2026-07-21T18:27:42.773664Z,,,,12,320,70,2027-01-15,90,CLX270115C00090000,,,95.84,,27600,5,0.297781342695153,0.297781342695153,False,False,False,False,23,RepeatedHits,0,27600,0.21875,True,1
call,CLX,,2026-07-21T16:51:15.049462Z,,,,7.1,414,276,2026-08-21,90,CLX260821C00090000,,,95.3304,,87331,12,0.336345518885248,0.336345518885248,False,False,False,False,123,RepeatedHits,87331,0,0.666666666666667,True,1
call,CLX,,2026-07-21T16:02:45.776789Z,,,,4.5,549,61,2026-10-16,100,CLX261016C00100000,,,95.445,,26550,22,0.324960968664985,0.324960968664985,False,False,False,False,59,RepeatedHits,0,26550,0.111111111111111,True,1
call,CLX,,2026-07-21T15:48:04.993863Z,,,,7.3,414,153,2026-08-21,90,CLX260821C00090000,,,95.585,,35042,11,0.337307448634337,0.337307448634337,False,False,False,False,48,RepeatedHitsAscendingFill,35042,0,0.369565217391304,True,1
put,CLX,,2026-07-21T15:29:57.604106Z,,,,4.5,985,344,2026-08-21,95,CLX260821P00095000,,,95.635,,89550,25,0.448321276543112,0.448321276543112,False,False,False,False,199,RepeatedHits,85500,4050,0.349238578680203,True,1
call,CLX,,2026-07-21T14:30:59.411923Z,,,,8,412,100,2026-09-18,90,CLX260918C00090000,,,95.12,,56800,9,0.312449186955196,0.312449186955196,False,False,False,False,71,RepeatedHits,43200,13600,0.242718446601942,True,1
call,CLX,,2026-07-21T14:29:28.067857Z,,,,5.3,1052,27,2026-09-18,95,CLX260918C00095000,,,95.13,,13782,17,0.324889936165803,0.324889936165803,False,False,True,False,26,RepeatedHits,13782,0,0.0256653992395437,True,1
put,CLX,,2026-07-21T14:08:43.171165Z,,,,4.7,985,41,2026-08-21,95,CLX260821P00095000,,,95.47,,18800,13,0.459795732624125,0.459795732624125,False,False,False,False,40,RepeatedHits,18800,0,0.0416243654822335,True,1
put,CLX,,2026-07-21T14:05:10.945943Z,,,,2.5,4930,2014,2026-08-21,90,CLX260821P00090000,,,95.4,,477000,5,0.448423909714065,0.448423909714065,False,False,False,False,1908,RepeatedHits,0,477000,0.408519269776876,True,1
call,CLX,,2026-07-21T13:45:25.873442Z,,,,7.2,414,78,2026-08-21,90,CLX260821C00090000,,,95.45,,55449,14,0.337511711030569,0.337511711030569,False,False,False,False,77,RepeatedHitsAscendingFill,55449,0,0.188405797101449,True,1
call,CLX,,2026-07-20T14:36:58.915488Z,,,,4.6,437,354,2026-10-16,100,CLX261016C00100000,,,95.06,,161447,37,0.33748493537685,0.33748493537685,False,False,False,False,351,RepeatedHitsDescendingFill,0,161447,0.810068649885583,True,1
call,CLX,,2026-07-20T14:01:31.456855Z,,,,2.7,1529,360,2026-08-21,100,CLX260821C00100000,,,95.43,,89370,40,0.391260891768878,0.391260891768878,False,False,False,False,331,RepeatedHits,0,89370,0.235448005232178,True,1
call,CLX,,2026-07-17T18:57:06.462556Z,,,,4,1234,62,2026-09-18,100,CLX260918C00100000,,,96.1,,12800,11,0.337896132455553,0.337896132455553,False,False,False,False,32,RepeatedHits,0,12800,0.0502431118314425,True,1
call,CLX,,2026-07-17T18:18:16.524123Z,,,,3.1,1325,257,2026-08-21,100,CLX260821C00100000,,,96.245,,24170,10,0.380251065977289,0.380251065977289,False,False,True,False,78,RepeatedHits,23550,620,0.193962264150943,True,1
call,CLX,,2026-07-17T16:31:53.517710Z,,,,5.9,1419,37,2026-08-21,95,CLX260821C00095000,,,97.32,,13570,6,0.374663013186284,0.376269831575548,False,False,False,False,23,RepeatedHits,0,13570,0.0260747004933051,True,1
call,CLX,,2026-07-17T15:04:02.180751Z,,,,7.6,978,305,2026-09-18,95,CLX260918C00095000,,,98.515,,231791,37,0.330107708972852,0.330107708972852,False,False,False,False,305,RepeatedHitsDescendingFill,0,231791,0.311860940695297,True,1
call,CLX,,2026-07-17T14:27:11.111366Z,,,,2.4,6241,380,2026-08-21,105,CLX260821C00105000,,,98.92,,78240,29,0.374995664694087,0.374995664694087,False,False,False,False,326,RepeatedHits,0,78240,0.0608876782566896,True,1
call,CLX,,2026-07-16T17:22:33.767708Z,,,,4.2,1232,120,2026-08-21,100,CLX260821C00100000,,,98.84,,21840,11,0.368694831123052,0.368694831123052,False,False,False,False,52,RepeatedHits,0,21840,0.0974025974025974,True,1
put,CLX,,2026-07-16T16:08:35.321041Z,,,,7,289,192,2026-09-18,100,CLX260918P00100000,,,98.62,,134400,31,0.401985473803362,0.401985473803362,False,False,False,False,192,RepeatedHits,0,134400,0.664359861591695,True,1
