type,ticker,iv,created_at,delta,theta,gamma,price,open_interest,volume,expiry,strike,option_chain,rho,theo,total_premium,vega,underlying_price,trade_count,iv_end,iv_start,has_floor,has_multileg,has_sweep,all_opening_trades,total_size,alert_rule,total_bid_side_prem,total_ask_side_prem,volume_oi_ratio,has_singleleg,expiry_count
call,MELI,0.523075190707902,2026-09-25T16:04:13.535502Z,0.18933241870983253,-15.997038067209349,0.014020782768902,2,85,96,2026-09-25,1760,MELI260925C01760000,0.001471968452043702,2.000000000000057,18000,0.09997504534273699,1742.775,29,0.523075190707902,0.523075190707902,False,False,False,False,90,RepeatedHits,0,18000,1.12941176470588,True,1
put,MELI,0.6895300575685867,2026-09-25T13:31:08.851985Z,-0.21498432989480426,-17.458941908383217,0.009029825928038231,4,111,45,2026-09-25,1700,MELI260925P01700000,-0.002773999480634214,4.000000000000021,12800,0.13710774645864113,1725,9,0.689540190150544,0.689525451849515,False,False,True,False,32,RepeatedHits,0,12800,0.405405405405405,True,1
call,MELI,0.4106880141993348,2026-09-24T19:37:16.919984Z,0.43828553316825813,-7.490207549613593,0.01048641805735695,12.1,4,182,2026-09-25,1755,MELI260925C01755000,0.02066478010018003,12.101886792452849,64140,0.36074853178109867,1748.555,16,0.410635716682238,0.410635716682238,False,False,False,False,53,RepeatedHits,64140,0,45.5,True,1
call,MELI,0.42620521314528187,2026-09-24T19:12:03.194491Z,0.24659592366807956,-0.8575103305170519,0.0010729298026246584,39.7,72,56,2026-11-20,2000,MELI261120C02000000,0.6102580821211078,39.69999999999992,210410,2.1762301010131977,1745.687,19,0.426205213145282,0.426205213145282,False,False,False,False,53,RepeatedHits,0,210410,0.777777777777778,True,1
put,MELI,0.3008084520843173,2026-09-24T18:39:04.814318Z,-0.9772497191020338,-0.057736747152904,0.000695173809824621,165,31,5,2026-10-02,1910,MELI261002P01910000,-0.409710458108398,165.0,82500,0.1394002522567449,1743.98,5,0.300808452084317,0.300808452084317,False,False,False,False,5,RepeatedHits,82500,0,0.161290322580645,True,1
put,MELI,0.3245905857232581,2026-09-24T16:16:46.734376Z,-0.4173773588475765,-1.996130416998773,0.004578686965299,26.6,36,18,2026-10-02,1760,MELI261002P01760000,-0.1681273389831761,26.60000000000002,23940,1.025283674291158,1774.1283,5,0.324590585723258,0.324590585723258,False,False,False,False,9,RepeatedHits,23940,0,0.5,True,1
put,MELI,0.43157703818686804,2026-09-24T15:35:56.925416Z,-0.07533917518871312,-0.13032675293366006,0.00018715339555778609,30.76,0,10,2027-09-17,1100,MELI270917P01100000,-1.61383107670135,30.75999999999999,15380,2.4979270022145093,1775.685,5,0.434130940955235,0.430938562494776,False,False,False,False,5,RepeatedHits,12240,3140,0,True,1
call,MELI,0.4468707760133849,2026-09-24T15:24:44.867247Z,0.3953365210065747,-8.08511186494651,0.00925943952877975,11.5,26,15,2026-09-25,1790,MELI260925C01790000,0.01894529356478716,11.50000000000011,11500,0.358471422771361,1778.24,5,0.446870776013385,0.446870776013385,False,False,False,False,10,RepeatedHits,11500,0,0.576923076923077,True,1
call,MELI,0.3676459953921523,2026-09-23T18:36:37.137722Z,0.44294036486179494,-1.505855974118853,0.0023787136783303604,52.1,0,25,2026-10-16,1835,MELI261016C01835000,0.4691980478107211,52.100000000000094,119830,1.7828003876374934,1798.655,12,0.367645995392152,0.367645995392152,False,False,False,False,23,RepeatedHits,0,119830,0,True,1
call,MELI,0.3672663941063678,2026-09-23T18:36:36.936239Z,0.3857011708317064,-1.4495198211408324,0.002306392919999875,42.59,83,65,2026-10-16,1860,MELI261016C01860000,0.41031475269533235,42.591666666666676,204440,1.726812262477367,1798.655,18,0.367314656115139,0.367314656115139,False,False,False,False,48,RepeatedHitsDescendingFill,8500,191690,0.783132530120482,True,1
put,MELI,0.451343306410324,2026-09-23T14:57:30.832517Z,-0.20774043117270896,-0.7575057365771434,0.000878939295045244,41.75,32,50,2026-11-20,1600,MELI261120P01600000,-0.6641351921922793,41.74999999999994,208750,2.0672352098523565,1810.9,2,0.451101437495424,0.451101437495424,True,False,False,False,50,RepeatedHits,0,208750,1.5625,True,1
put,MELI,0.4440622178776239,2026-09-23T14:49:55.394034Z,-0.11663443480084636,-0.2809219089489762,0.0003504662299968878,36.68,24,30,2027-03-19,1340,MELI270319P01340000,-1.2010388742749643,36.67666666666666,110030,2.4698061731613152,1809.03,7,0.440098216629299,0.446587394377686,False,False,False,False,30,RepeatedHitsDescendingFill,17850,92180,1.25,True,1
put,MELI,,2026-09-22T15:56:18.809025Z,,,,25,156,74,2026-10-16,1700,MELI261016P01700000,,,170010,,1811.405,19,0.377897022718579,0.377897022718579,False,False,False,False,68,RepeatedHits,170010,0,0.474358974358974,True,1
put,MELI,,2026-09-22T14:47:15.767988Z,,,,26.29,69,56,2026-12-18,1460,MELI261218P01460000,,,26290,,1792.875,7,0.42938314348913,0.428839324335424,False,False,True,False,10,RepeatedHits,13020,13270,0.811594202898551,True,1
put,MELI,,2026-09-22T14:47:15.767988Z,,,,26.29,69,45,2026-12-18,1460,MELI261218P01460000,,,28920,,1792.875,6,0.42992624449851,0.42992624449851,False,False,True,False,11,RepeatedHits,12880,16040,0.652173913043478,True,1
put,MELI,,2026-09-22T14:47:15.767988Z,,,,26.21,69,34,2026-12-18,1460,MELI261218P01460000,,,83880,,1792.875,12,0.422808540734066,0.4310103105964,False,False,True,False,32,RepeatedHitsDescendingFill,23100,60780,0.492753623188406,True,1
call,MELI,,2026-09-21T18:16:36.860535Z,,,,11.7,335,41,2026-09-25,1880,MELI260925C01880000,,,17550,,1828.5075,5,0.395158167501165,0.395158167501165,False,False,False,False,15,RepeatedHits,0,17550,0.122388059701493,True,1
put,MELI,,2026-09-21T17:55:40.711732Z,,,,18.6,6,22,2026-10-30,1610,MELI261030P01610000,,,16740,,1826.52,6,0.399505340511159,0.399505340511159,False,False,False,False,9,RepeatedHits,16740,0,3.66666666666667,True,1
call,MELI,,2026-09-21T17:41:32.756064Z,,,,10.1,67,89,2026-10-16,2060,MELI261016C02060000,,,89883,,1826.2775,30,0.369135445149185,0.369135445149185,False,False,False,False,89,RepeatedHits,0,89883,1.32835820895522,True,1
put,MELI,,2026-09-21T17:24:22.800242Z,,,,18,109,90,2026-09-25,1800,MELI260925P01800000,,,36000,,1829.37,6,0.40591418059354,0.40591418059354,False,False,False,False,20,RepeatedHits,36000,0,0.825688073394495,True,1
call,MELI,,2026-09-21T14:20:12.846402Z,,,,18,32,10,2026-12-18,2360,MELI261218C02360000,,,18000,,1828.91,10,0.385598057721823,0.385598057721823,False,False,True,False,10,RepeatedHits,1800,7200,0.3125,True,1
call,MELI,,2026-09-21T14:17:42.757513Z,,,,21.9,38,31,2026-09-25,1850,MELI260925C01850000,,,32850,,1827.945,5,0.40880493159052,0.40880493159052,False,False,False,False,15,RepeatedHits,0,32850,0.815789473684211,True,1
put,MELI,,2026-09-21T13:54:01.151301Z,,,,15.26,18,43,2026-10-30,1580,MELI261030P01580000,,,42727,,1809.65,8,0.393543814430005,0.394366833598233,False,False,True,False,28,RepeatedHits,7300,35427,2.38888888888889,True,1
put,MELI,,2026-09-21T13:47:59.027088Z,,,,41.66,4,26,2027-09-17,1180,MELI270917P01180000,,,62490,,1801.005,5,0.430225484220558,0.430880599282316,False,False,False,False,15,RepeatedHitsDescendingFill,49890,12600,6.5,True,1
call,MELI,,2026-09-21T13:46:12.821712Z,,,,23.38,26,25,2027-01-15,2380,MELI270115C02380000,,,46750,,1803.565,5,0.379643133022,0.382874978725206,False,False,False,False,20,RepeatedHitsDescendingFill,30160,16590,0.961538461538462,True,1
call,MELI,,2026-09-21T13:46:10.802481Z,,,,25.4,30,42,2027-01-15,2360,MELI270115C02360000,,,63500,,1803.565,5,0.383428661595465,0.383428661595465,False,False,False,False,25,RepeatedHitsDescendingFill,24950,38550,1.4,True,1
call,MELI,,2026-09-21T13:41:06.960951Z,,,,16.26,16,30,2026-10-23,2010,MELI261023C02010000,,,40650,,1803.235,5,0.3551834064289,0.3551834064289,False,False,True,False,25,RepeatedHits,7750,32900,1.875,True,1
call,MELI,,2026-09-21T13:41:06.960951Z,,,,17.78,7,27,2026-10-23,2000,MELI261023C02000000,,,44450,,1803.235,5,0.348685460027288,0.348685460027288,False,False,True,False,25,RepeatedHitsAscendingFill,26000,18450,3.85714285714286,True,1
call,MELI,,2026-09-21T13:39:56.762390Z,,,,16.06,11,14,2026-10-09,1950,MELI261009C01950000,,,20880,,1799.44,5,0.388963791198954,0.385303872449672,False,False,True,False,13,RepeatedHitsAscendingFill,20880,0,1.27272727272727,True,1
put,MELI,,2026-09-18T19:59:22.845823Z,,,,20.28,57,56,2026-10-16,1640,MELI261016P01640000,,,54760,,1786.64,14,0.382046225272079,0.382046225272079,False,False,False,False,27,RepeatedHits,0,54760,0.982456140350877,True,1
put,MELI,,2026-09-18T19:58:45.588120Z,,,,53,55,45,2026-10-16,1750,MELI261016P01750000,,,121900,,1787.14,6,0.370478218676987,0.370478218676987,False,False,False,False,23,RepeatedHits,0,121900,0.818181818181818,True,1
call,MELI,,2026-09-18T17:17:34.614022Z,,,,2.25,391,920,2026-09-18,1820,MELI260918C01820000,,,57145,,1803.79,35,0.615082508695022,0.615082508695022,False,False,False,False,254,RepeatedHitsDescendingFill,0,57145,2.35294117647059,True,1
call,MELI,,2026-09-17T18:48:38.581277Z,,,,61.4,84,16,2026-09-18,1760,MELI260918C01760000,,,98241,,1821.37,10,0.802216060417284,0.802216060417284,False,False,False,False,16,RepeatedHits,98241,0,0.19047619047619,True,1
put,MELI,,2026-09-17T14:00:16.668379Z,,,,76.79,1,38,2026-10-23,1820,MELI261023P01820000,,,153580,,1827.3,10,0.369878905458705,0.365035175481167,False,False,True,False,20,RepeatedHitsAscendingFill,145860,7720,38,True,1
put,MELI,,2026-09-16T18:50:27.606364Z,,,,69.5,9,51,2026-10-02,1870,MELI261002P01870000,,,354449,,1843.08,16,0.367119155663127,0.367119155663127,False,False,False,False,51,RepeatedHits,0,354449,5.66666666666667,True,1
put,MELI,,2026-09-16T18:50:27.606364Z,,,,36.7,20,39,2026-10-02,1800,MELI261002P01800000,,,135790,,1843.08,11,0.373947950695554,0.373947950695554,False,False,False,False,37,RepeatedHits,0,135790,1.95,True,1
call,MELI,,2026-09-16T16:55:17.558812Z,,,,135.9,8,79,2026-11-20,1840,MELI261120C01840000,,,1032840,,1828.52,17,0.439173197434525,0.439173197434525,False,False,False,False,76,RepeatedHits,1032840,0,9.875,True,1
put,MELI,,2026-09-16T16:38:19.624393Z,,,,30.65,38,30,2028-01-21,1000,MELI280121P01000000,,,91950,,1830.5,2,0.445196118028171,0.445196118028171,True,False,False,False,30,RepeatedHits,91950,0,0.789473684210526,True,1
put,MELI,,2026-09-15T18:24:28.733504Z,,,,90,32,15,2026-10-02,1910,MELI261002P01910000,,,134993,,1853.78,13,0.370119832997334,0.370119832997334,False,False,False,False,15,RepeatedHits,0,134993,0.46875,True,1
call,MELI,,2026-09-14T19:42:29.608129Z,,,,156,79,47,2027-01-15,1980,MELI270115C01980000,,,733200,,1898.02,12,0.40923713329021,0.40923713329021,False,False,False,False,47,RepeatedHits,0,733200,0.594936708860759,True,1
put,MELI,,2026-09-14T14:51:23.037942Z,,,,176.9,36,64,2027-01-15,1920,MELI270115P01920000,,,1096780,,1893.99,13,0.404811498301041,0.404811498301041,False,False,False,False,62,RepeatedHits,0,1096780,1.77777777777778,True,1
call,MELI,,2026-09-11T18:23:02.910203Z,,,,14.1,27,230,2027-01-15,2700,MELI270115C02700000,,,311610,,1896.88,38,0.380380800020442,0.380380800020442,False,False,False,False,221,RepeatedHits,0,311610,8.51851851851852,True,1
call,MELI,,2026-09-11T15:14:36.932669Z,,,,100,31,54,2027-01-15,2150,MELI270115C02150000,,,520000,,1910,8,0.39610738922708,0.39610738922708,False,False,False,False,52,RepeatedHits,0,520000,1.74193548387097,True,1
call,MELI,,2026-09-10T15:23:50.129342Z,,,,174.12,88,34,2026-09-18,1760,MELI260918C01760000,,,330820,,1927.57,7,0.450931791555234,0.450931791555234,False,False,False,False,19,RepeatedHitsAscendingFill,173800,157020,0.386363636363636,True,1
put,MELI,,2026-09-10T14:29:16.008350Z,,,,51.59,19,17,2027-06-17,1340,MELI270617P01340000,,,82550,,1887.505,5,0.436767721978529,0.438868518918062,False,False,False,False,16,RepeatedHitsDescendingFill,51400,31150,0.894736842105263,True,1
call,MELI,,2026-09-09T16:03:24.784271Z,,,,46.77,401,83,2028-01-21,3600,MELI280121C03600000,,,79510,,1875.73,13,0.379778590417299,0.379990338965467,False,False,True,False,17,RepeatedHits,79510,0,0.206982543640898,True,1
call,MELI,,2026-09-09T16:03:19.378942Z,,,,47.11,401,66,2028-01-21,3600,MELI280121C03600000,,,141330,,1875.73,15,0.380624367099881,0.380624367099881,False,False,False,False,30,RepeatedHits,141330,0,0.164588528678304,True,1
put,MELI,,2026-09-09T15:11:59.964085Z,,,,54,116,26,2026-10-16,1800,MELI261016P01800000,,,64800,,1873.68,5,0.380782873318165,0.380782873318165,False,False,False,False,12,RepeatedHits,0,64800,0.224137931034483,True,1
put,MELI,,2026-09-09T14:03:11.452048Z,,,,135,139,49,2027-01-15,1800,MELI270115P01800000,,,621000,,1863.285,10,0.409808858967083,0.409808858967083,False,False,False,False,46,RepeatedHits,0,621000,0.352517985611511,True,1
call,MELI,,2026-09-09T13:30:18.111748Z,,,,109.7,83,46,2028-01-21,3000,MELI280121C03000000,,,504620,,1894.505,10,0.391138049304517,0.391138049304517,False,False,False,False,46,RepeatedHits,0,504620,0.55421686746988,True,1
call,MELI,,2026-09-08T16:46:13.980094Z,,,,32,0,20,2026-10-23,2100,MELI261023C02100000,,,64000,,1915.815,9,0.337790774579908,0.337790774579908,False,False,False,False,20,RepeatedHits,64000,0,0,True,1
put,MELI,,2026-09-08T15:34:44.239271Z,,,,229.19,4,17,2026-10-16,2140,MELI261016P02140000,,,275029,,1928.295,5,0.364664961039922,0.364113377678675,False,False,False,False,12,RepeatedHitsAscendingFill,114590,160439,4.25,True,1
call,MELI,,2026-09-03T13:58:20.978362Z,,,,242.5,71,5,2026-10-16,1840,MELI261016C01840000,,,121250,,2046.4,5,0.379820908314875,0.379820908314875,False,False,True,False,5,RepeatedHits,24250,97000,0.0704225352112676,True,1
call,MELI,,2026-09-03T13:54:23.090799Z,,,,105.1,25,35,2027-03-19,2500,MELI270319C02500000,,,94590,,2046.91,9,0.391812141728831,0.391812141728831,False,False,False,False,9,RepeatedHits,94590,0,1.4,True,1
call,MELI,,2026-09-03T13:54:23.090799Z,,,,105.24,25,26,2027-03-19,2500,MELI270319C02500000,,,168390,,2046.91,16,0.391998520548734,0.392184867545029,False,False,False,False,16,RepeatedHitsDescendingFill,31570,21060,1.04,True,1
call,MELI,,2026-09-03T13:54:03.055088Z,,,,102.8,25,8,2027-03-19,2500,MELI270319C02500000,,,51400,,2045.35,5,0.388436821031463,0.388436821031463,False,False,False,False,5,RepeatedHits,10280,0,0.32,True,1
call,MELI,,2026-09-03T13:51:43.199722Z,,,,234.69,217,19,2027-01-15,2000,MELI270115C02000000,,,445910,,2048.52,19,0.399107935506786,0.398897866464005,False,False,False,False,19,RepeatedHitsAscendingFill,0,23470,0.0875576036866359,True,1
put,MELI,,2026-09-03T13:30:17.189845Z,,,,34.8,9,20,2026-09-11,2020,MELI260911P02020000,,,69600,,2033.33,8,0.350100740060558,0.350100740060558,False,False,False,False,20,RepeatedHits,0,69600,2.22222222222222,True,1
call,MELI,,2026-09-02T14:52:11.966245Z,,,,18.9,457,84,2026-09-18,2100,MELI260918C02100000,,,154960,,1993,30,0.328578293472148,0.328578293472148,False,False,False,False,82,RepeatedHitsDescendingFill,5650,149310,0.183807439824945,True,1
call,MELI,,2026-09-01T13:46:44.850856Z,,,,9.5,7,132,2026-09-11,2060,MELI260911C02060000,,,122548,,1954.99,24,0.321158825141585,0.321158825141585,False,False,False,False,129,RepeatedHits,0,122548,18.8571428571429,True,1
put,MELI,,2026-08-31T19:38:16.514501Z,,,,122.26,8,34,2026-09-18,2050,MELI260918P02050000,,,391240,,1942.38,8,0.310722352620366,0.317459175863303,False,False,True,False,32,RepeatedHits,194800,196440,4.25,True,1
put,MELI,,2026-08-31T19:38:16.514501Z,,,,130.13,17,14,2026-09-18,2060,MELI260918P02060000,,,182180,,1942.38,8,0.312024536492997,0.316752791648105,False,False,True,False,14,RepeatedHits,90810,91370,0.823529411764706,True,1
call,MELI,,2026-08-31T15:19:34.151610Z,,,,84.9,3,8,2026-10-02,1940,MELI261002C01940000,,,59430,,1945.695,7,0.343842636748103,0.343842636748103,False,False,False,False,7,RepeatedHits,50940,8490,2.66666666666667,True,1
call,MELI,,2026-08-31T14:20:55.195489Z,,,,26.01,4,48,2026-10-02,2090,MELI261002C02090000,,,70230,,1942.4,12,0.323414075100719,0.324513646225081,False,False,True,False,27,RepeatedHitsDescendingFill,15420,54810,12,True,1
call,MELI,,2026-08-31T14:17:48.408981Z,,,,42.8,0,18,2026-09-11,1947.5,MELI260911C01947500,,,72760,,1940.255,17,0.336500642905724,0.336500642905724,False,False,False,False,17,RepeatedHits,59920,12840,0,True,1
put,MELI,,2026-08-31T13:44:09.650013Z,,,,171.77,0,11,2026-10-09,2070,MELI261009P02070000,,,171770,,1930.125,5,0.35364122045214,0.345909240686364,False,False,False,False,10,RepeatedHitsAscendingFill,120050,51720,0,True,1
call,MELI,,2026-08-25T14:24:14.616308Z,,,,70,321,39,2026-09-18,2000,MELI260918C02000000,,,196000,,1994.255,10,0.345044597596577,0.345044597596577,False,False,False,False,28,RepeatedHits,119000,77000,0.121495327102804,True,1
call,MELI,,2026-08-25T13:42:18.750813Z,,,,13.6,13,67,2026-10-16,2320,MELI261016C02320000,,,91119,,1978,26,0.328555805019099,0.328555805019099,False,False,False,False,67,RepeatedHits,0,91119,5.15384615384615,True,1
put,MELI,,2026-08-24T19:48:06.831432Z,,,,18.6,441,66,2026-09-18,1800,MELI260918P01800000,,,87420,,1954.65,31,0.367373100985844,0.367373100985844,False,False,False,False,47,RepeatedHits,0,87420,0.149659863945578,True,1
call,MELI,,2026-08-24T19:48:01.419619Z,,,,41.2,7,32,2026-09-18,2030,MELI260918C02030000,,,127710,,1952.8,6,0.343870486361288,0.344393142190127,False,False,False,False,31,RepeatedHits,20600,107110,4.57142857142857,True,1
put,MELI,,2026-08-24T19:46:28.739929Z,,,,51.7,137,60,2026-09-18,1920,MELI260918P01920000,,,56870,,1953.44,5,0.34290922250058,0.344131865519401,False,False,False,False,11,RepeatedHits,10340,46530,0.437956204379562,True,1
put,MELI,,2026-08-24T15:25:51.046613Z,,,,47,14,51,2026-09-04,1980,MELI260904P01980000,,,192700,,1982.66,12,0.360446599327813,0.360446599327813,False,False,False,False,41,RepeatedHits,0,192700,3.64285714285714,True,1
call,MELI,,2026-08-24T15:19:46.875368Z,,,,2.65,3,223,2026-09-04,2190,MELI260904C02190000,,,57503,,1976.9499,34,0.353812699517113,0.353812699517113,False,False,False,False,217,RepeatedHits,0,57503,74.3333333333333,True,1
call,MELI,,2026-08-24T14:29:25.229791Z,,,,151,67,66,2027-01-15,2100,MELI270115C02100000,,,241600,,1970.01,5,0.388313506147493,0.388313506147493,False,False,False,False,16,RepeatedHits,196300,45300,0.985074626865672,True,1
call,MELI,,2026-08-24T14:17:00.582130Z,,,,21,218,123,2026-09-18,2100,MELI260918C02100000,,,256200,,1953.03,28,0.332495492954342,0.332495492954342,False,False,False,False,122,RepeatedHits,0,256200,0.564220183486238,True,1
put,MELI,,2026-08-21T19:02:28.915236Z,,,,19.8,21,50,2026-12-18,1460,MELI261218P01460000,,,99000,,1933,15,0.411375398687593,0.411375398687593,False,False,False,False,50,RepeatedHits,99000,0,2.38095238095238,True,1
call,MELI,,2026-08-21T18:10:38.883297Z,,,,53.7,15,48,2026-09-11,1950,MELI260911C01950000,,,134250,,1936.12,8,0.314426030148923,0.31074633585106,False,False,True,False,25,RepeatedHits,134250,0,3.2,True,1
call,MELI,,2026-08-21T14:25:48.802496Z,,,,37,5,34,2026-08-28,1945,MELI260828C01945000,,,118400,,1945.3,7,0.336403343415179,0.336403343415179,False,False,True,False,32,RepeatedHits,118400,0,6.8,True,1
put,MELI,,2026-08-21T13:49:33.035546Z,,,,170.9,0,22,2026-10-02,2090,MELI261002P02090000,,,239260,,1946.7,7,0.325815082969784,0.321649056794965,False,False,False,False,14,RepeatedHitsAscendingFill,119060,120200,0,True,1
put,MELI,,2026-08-21T13:45:16.802490Z,,,,5.57,6,132,2026-08-28,1825,MELI260828P01825000,,,67990,,1936.215,12,0.359164407380517,0.361145505779618,False,False,True,False,122,RepeatedHitsAscendingFill,1590,66400,22,True,1
call,MELI,,2026-08-20T19:35:59.277235Z,,,,244.5,29,10,2026-10-16,1720,MELI261016C01720000,,,244500,,1922.73,6,0.36952428526955,0.374774385656438,False,False,False,False,10,RepeatedHits,0,244500,0.344827586206897,True,1
put,MELI,,2026-08-20T13:59:16.478084Z,,,,100.2,4,24,2026-12-18,1770,MELI261218P01770000,,,90180,,1904.0401,5,0.400739578391861,0.402032536411342,False,False,False,False,9,RepeatedHitsDescendingFill,29910,60270,6,True,1
call,MELI,,2026-08-20T13:56:55.992506Z,,,,39.46,34,17,2027-01-15,2460,MELI270115C02460000,,,63130,,1897.93,7,0.371853614377826,0.367751897782852,False,False,False,False,16,RepeatedHitsAscendingFill,39220,23910,0.5,True,1
call,MELI,,2026-08-20T13:52:27.446363Z,,,,71.04,17,12,2026-09-11,1900,MELI260911C01900000,,,78140,,1905.97,7,0.354250691268206,0.354250691268206,False,False,True,False,11,RepeatedHits,71020,7120,0.705882352941177,True,1
call,MELI,,2026-08-19T16:22:15.914704Z,,,,4.6,12,204,2026-08-28,2020,MELI260828C02020000,,,93838,,1889.425,31,0.324586358218877,0.324586358218877,False,False,False,False,204,RepeatedHits,0,93838,17,True,1
put,MELI,,2026-08-18T14:33:22.501413Z,,,,66.85,6,11,2028-01-21,1180,MELI280121P01180000,,,73530,,1798.8363,5,0.432743438410864,0.432269865790026,False,False,False,False,11,RepeatedHits,66760,6770,1.83333333333333,True,1
put,MELI,,2026-08-18T14:32:01.573480Z,,,,16.3,142,70,2026-08-21,1775,MELI260821P01775000,,,114100,,1797.745,5,0.407539326221698,0.407539326221698,False,False,False,False,70,RepeatedHits,114100,0,0.492957746478873,True,1
put,MELI,,2026-08-18T14:27:11.545309Z,,,,181.9,0,25,2026-08-21,1975,MELI260821P01975000,,,436560,,1793.505,24,0.554964377493579,0.554964377493579,False,False,False,False,24,RepeatedHits,0,436560,0,True,1
call,MELI,,2026-08-17T19:17:40.294065Z,,,,58.3,121,58,2026-10-16,1900,MELI261016C01900000,,,291500,,1785.77,9,0.341520581967541,0.341520581967541,False,False,False,False,50,RepeatedHits,291500,0,0.479338842975207,True,1
put,MELI,,2026-08-17T14:49:03.648578Z,,,,146.48,44,7,2026-10-16,1880,MELI261016P01880000,,,87890,,1786.76,6,0.340439911623856,0.339222967588925,False,False,False,False,6,RepeatedHitsAscendingFill,73240,14650,0.159090909090909,True,1
put,MELI,,2026-08-17T13:38:34.553927Z,,,,3.3,249,171,2026-08-21,1700,MELI260821P01700000,,,56427,,1795.7625,33,0.403249874519386,0.403249874519386,False,False,False,False,171,RepeatedHits,0,56427,0.686746987951807,True,1
call,MELI,,2026-08-13T19:04:53.653262Z,,,,29.8,534,65,2026-12-18,2400,MELI261218C02400000,,,190720,,1826.99,22,0.385104752297459,0.385104752297459,False,False,False,False,64,RepeatedHits,0,190720,0.121722846441948,True,1
call,MELI,,2026-08-13T14:10:12.240183Z,,,,39.4,132,95,2026-08-21,1850,MELI260821C01850000,,,51220,,1851.8199,6,0.345046776573428,0.345046776573428,False,False,False,False,13,RepeatedHits,7880,23640,0.71969696969697,True,1
call,MELI,,2026-08-13T14:10:05.031685Z,,,,39.5,132,82,2026-08-21,1850,MELI260821C01850000,,,98750,,1851.8199,5,0.345962787171057,0.345962787171057,False,False,False,False,25,RepeatedHits,0,59250,0.621212121212121,True,1
call,MELI,,2026-08-13T14:09:44.796345Z,,,,39.6,132,27,2026-08-21,1850,MELI260821C01850000,,,99000,,1851.5,5,0.348413162341391,0.348413162341391,False,False,False,False,25,RepeatedHits,39600,19800,0.204545454545455,True,1
call,MELI,,2026-08-13T14:09:44.796345Z,,,,39.7,132,52,2026-08-21,1850,MELI260821C01850000,,,99250,,1851.5,5,0.349329144542932,0.349329144542932,False,False,False,False,25,RepeatedHits,19850,0,0.393939393939394,True,1
put,MELI,,2026-08-12T18:26:56.986041Z,,,,7.1,62,87,2026-08-14,1810,MELI260814P01810000,,,57507,,1848.66,28,0.391095800633175,0.391095800633175,False,False,True,False,81,RepeatedHits,0,57507,1.40322580645161,True,1
call,MELI,,2026-08-12T18:14:19.530549Z,,,,15,285,203,2026-09-18,2100,MELI260918C02100000,,,300000,,1861.71,6,0.337629689208956,0.337629689208956,False,False,False,False,200,RepeatedHits,169500,0,0.712280701754386,True,1
call,MELI,,2026-08-12T14:19:09.264865Z,,,,36.3,168,108,2026-09-18,2000,MELI260918C02000000,,,286771,,1874.73,20,0.334204478483951,0.334204478483951,False,False,False,False,79,RepeatedHits,286771,0,0.642857142857143,True,1
put,MELI,,2026-08-12T14:19:04.660400Z,,,,30,38,29,2026-08-21,1850,MELI260821P01850000,,,66000,,1873.58,7,0.355436640635583,0.355436640635583,False,False,False,False,22,RepeatedHits,63000,3000,0.763157894736842,True,1
put,MELI,,2026-08-12T13:54:29.989580Z,,,,7.6,2,88,2026-09-25,1600,MELI260925P01600000,,,66880,,1888.03,28,0.34872817670823,0.34872817670823,False,False,False,False,88,RepeatedHits,66880,0,44,True,1
call,MELI,,2026-08-12T13:53:17.269152Z,,,,179.73,27,41,2026-10-16,1780,MELI261016C01780000,,,161760,,1880.99,6,0.372800174983101,0.372093590190086,False,False,False,False,9,RepeatedHitsAscendingFill,0,161760,1.51851851851852,True,1
call,MELI,,2026-08-12T13:52:12.560789Z,,,,179.52,27,20,2026-10-16,1780,MELI261016C01780000,,,89760,,1886.19,5,0.359390837391037,0.364573576770324,False,False,False,False,5,RepeatedHits,0,89760,0.740740740740741,True,1
call,MELI,,2026-08-12T13:50:40.407516Z,,,,98.7,0,21,2026-09-11,1840,MELI260911C01840000,,,59220,,1883.48,6,0.335577522805342,0.334599203648587,False,False,False,False,6,RepeatedHitsAscendingFill,0,59220,0,True,1
call,MELI,,2026-08-12T13:49:54.727749Z,,,,326.56,29,13,2026-12-18,1640,MELI261218C01640000,,,326560,,1876.5,10,0.403734237158043,0.401653598368453,False,False,False,False,10,RepeatedHitsAscendingFill,32680,261260,0.448275862068966,True,1
call,MELI,,2026-08-11T18:09:02.255525Z,,,,72,19,8,2026-10-16,2040,MELI261016C02040000,,,57600,,1928.11,5,0.340960197499313,0.340960197499313,False,False,True,False,8,RepeatedHits,57600,0,0.421052631578947,True,1
call,MELI,,2026-08-07T14:25:16.288754Z,,,,170,16,59,2026-10-16,1760,MELI261016C01760000,,,969001,,1849.66,16,0.354186274195898,0.354186274195898,False,False,False,False,57,RepeatedHits,969001,0,3.6875,True,1
call,MELI,,2026-08-06T19:38:15.599722Z,,,,89,115,81,2026-09-18,1800,MELI260918C01800000,,,489500,,1799.77,14,0.345847470442749,0.345847470442749,False,False,False,False,55,RepeatedHits,489500,0,0.704347826086957,True,1
call,MELI,,2026-08-06T19:26:37.642409Z,,,,99.6,0,22,2026-09-25,1810,MELI260925C01810000,,,209160,,1813.57,11,0.348497810482819,0.348497810482819,False,False,True,False,21,RepeatedHits,209160,0,0,True,1
put,MELI,,2026-08-06T18:24:29.668801Z,,,,35.5,13,65,2026-08-21,1770,MELI260821P01770000,,,230770,,1803.16,13,0.35658786695037,0.35658786695037,False,False,False,False,65,RepeatedHits,223650,7120,5,True,1
put,MELI,,2026-08-06T17:18:04.690880Z,,,,38.5,0,27,2026-08-14,1785,MELI260814P01785000,,,73150,,1785.205,8,0.373276460613476,0.373276460613476,False,False,False,False,19,RepeatedHits,73150,0,0,True,1
put,MELI,,2026-08-06T17:16:16.977782Z,,,,81,161,38,2026-12-18,1600,MELI261218P01600000,,,162000,,1785.31,5,0.406829843841302,0.406829843841302,False,False,False,False,20,RepeatedHits,162000,0,0.236024844720497,True,1
call,MELI,,2026-08-06T16:49:19.841425Z,,,,45.02,152,21,2026-09-18,1900,MELI260918C01900000,,,67530,,1786.42,6,0.348516128433862,0.348516128433862,False,False,False,False,15,RepeatedHits,31500,36030,0.138157894736842,True,1
call,MELI,,2026-08-06T14:45:43.143632Z,,,,125.02,69,55,2026-10-16,1800,MELI261016C01800000,,,637577,,1799.385,11,0.376101552568605,0.375783164493468,False,False,False,False,51,RepeatedHitsAscendingFill,537507,100070,0.797101449275362,True,1
put,MELI,,2026-08-06T14:01:19.860486Z,,,,95.21,363,80,2026-09-18,1800,MELI260918P01800000,,,561711,,1779.99,22,0.364713389106853,0.364713389106853,False,False,False,False,59,RepeatedHitsAscendingFill,533121,28590,0.220385674931129,True,1
put,MELI,,2026-08-06T13:58:30.172296Z,,,,100,363,21,2026-09-18,1800,MELI260918P01800000,,,70000,,1776,5,0.376251012628858,0.379887988388598,False,False,False,False,7,RepeatedHits,60000,10000,0.0578512396694215,True,1
put,MELI,,2026-08-06T13:45:45.854203Z,,,,64,39,67,2026-09-18,1740,MELI260918P01740000,,,396800,,1794.095,15,0.379983932649369,0.379983932649369,False,False,False,False,62,RepeatedHits,390400,6400,1.71794871794872,True,1
call,MELI,,2026-08-05T19:44:23.257775Z,,,,75,39,67,2026-08-21,1960,MELI260821C01960000,,,52500,,1923.64,5,0.559368486824382,0.559368486824382,False,False,False,False,7,RepeatedHits,0,52500,1.71794871794872,True,1
call,MELI,,2026-08-05T19:05:02.635601Z,,,,100.1,200,73,2026-08-21,1900,MELI260821C01900000,,,500500,,1918.95,5,0.556382471363484,0.556382471363484,False,False,True,False,50,RepeatedHits,0,500500,0.365,True,1
put,MELI,,2026-08-05T18:22:56.906661Z,,,,17.8,11,60,2026-09-11,1640,MELI260911P01640000,,,105020,,1918.3501,22,0.459483398685431,0.459483398685431,False,False,False,False,59,RepeatedHits,105020,0,5.45454545454545,True,1
call,MELI,,2026-08-05T18:00:36.592810Z,,,,62,372,20,2027-06-17,3000,MELI270617C03000000,,,124000,,1916.325,14,0.407892276041173,0.407892276041173,False,False,False,False,20,RepeatedHits,0,124000,0.0537634408602151,True,1
put,MELI,,2026-08-05T17:33:45.608891Z,,,,112.2,42,138,2026-09-18,1920,MELI260918P01920000,,,448810,,1920.33,17,0.440419818691862,0.440419818691862,False,False,False,False,40,RepeatedHits,437580,11230,3.28571428571429,True,1
put,MELI,,2026-08-05T16:06:51.532678Z,,,,114.8,42,54,2026-09-18,1920,MELI260918P01920000,,,608440,,1915.5592,13,0.441949761119375,0.441949761119375,False,False,False,False,53,RepeatedHits,608440,0,1.28571428571429,True,1
put,MELI,,2026-08-05T15:39:34.204384Z,,,,28.5,40,56,2026-09-18,1680,MELI260918P01680000,,,159620,,1923.99,17,0.451723132104345,0.451723132104345,False,False,False,False,56,RepeatedHits,139650,19970,1.4,True,1
put,MELI,,2026-08-05T15:28:15.056075Z,,,,18.8,5,43,2026-09-04,1670,MELI260904P01670000,,,80840,,1924.22,13,0.482293727106127,0.482293727106127,False,False,False,False,43,RepeatedHits,80840,0,8.6,True,1
call,MELI,,2026-08-05T15:16:55.760260Z,,,,38.2,76,144,2026-08-07,2000,MELI260807C02000000,,,393467,,1928.525,29,1.17111229655162,1.17111229655162,False,False,False,False,103,RepeatedHitsAscendingFill,393467,0,1.89473684210526,True,1
call,MELI,,2026-08-05T13:56:01.689312Z,,,,134.5,34,9,2026-08-28,1860,MELI260828C01860000,,,121050,,1924.445,5,0.508481511549484,0.508481511549484,False,False,True,False,9,RepeatedHits,121050,0,0.264705882352941,True,1
call,MELI,,2026-08-05T13:31:35.503259Z,,,,104,200,5,2026-08-21,1900,MELI260821C01900000,,,52000,,1915.03,5,0.594839887071971,0.594839887071971,False,False,False,False,5,RepeatedHits,10400,10400,0.025,True,1
call,MELI,,2026-08-05T13:30:10.789157Z,,,,132.79,37,16,2028-01-21,3000,MELI280121C03000000,,,212460,,1924.7,6,0.395615004319481,0.398781413541064,False,False,False,False,16,RepeatedHitsDescendingFill,133260,79200,0.432432432432432,True,1
put,MELI,,2026-08-04T14:12:13.624677Z,,,,8.3,3,102,2026-09-11,1520,MELI260911P01520000,,,84660,,1888.41,28,0.470620882306136,0.470620882306136,False,False,False,False,102,RepeatedHits,84660,0,34,True,1
call,MELI,,2026-08-03T19:20:34.268594Z,,,,166.3,7,6,2026-08-07,1750,MELI260807C01750000,,,83150,,1897.635,5,0.891309875242812,0.891309875242812,False,False,True,False,5,RepeatedHits,16630,66520,0.857142857142857,True,1
put,MELI,,2026-08-03T18:46:55.226913Z,,,,11,0,48,2026-09-11,1540,MELI260911P01540000,,,50600,,1894.325,14,0.479908854428756,0.479908854428756,False,False,False,False,46,RepeatedHits,50600,0,0,True,1
call,MELI,,2026-08-03T18:30:58.770281Z,,,,188.9,49,75,2026-10-16,1820,MELI261016C01820000,,,1360080,,1890.205,15,0.430968552088903,0.430872460863358,False,False,False,False,72,RepeatedHits,1341190,18890,1.53061224489796,True,1
put,MELI,,2026-08-03T16:49:09.509809Z,,,,33.81,241,113,2026-10-16,1600,MELI261016P01600000,,,382090,,1902.88,28,0.441037354157605,0.441037354157605,False,False,False,False,113,RepeatedHitsAscendingFill,331240,33900,0.468879668049793,True,1
call,MELI,,2026-08-03T16:38:35.215529Z,,,,16.4,4,252,2026-10-16,2460,MELI261016C02460000,,,96760,,1897,17,0.414863603263284,0.414863603263284,False,False,False,False,59,RepeatedHits,0,96760,63,True,1
call,MELI,,2026-08-03T16:13:28.674792Z,,,,16.3,4,183,2026-10-16,2460,MELI261016C02460000,,,246130,,1894.98,30,0.415579393446002,0.415579393446002,False,False,False,False,151,RepeatedHits,0,246130,45.75,True,1
put,MELI,,2026-08-03T16:00:50.472907Z,,,,17.7,19,97,2026-08-14,1700,MELI260814P01700000,,,90270,,1892.28,13,0.643996713211297,0.643996713211297,False,False,False,False,51,RepeatedHits,0,90270,5.10526315789474,True,1
put,MELI,,2026-08-03T14:31:43.678446Z,,,,70.42,49,14,2027-01-15,1540,MELI270115P01540000,,,84500,,1891.975,5,0.455615212613926,0.460841891774933,False,False,False,False,12,RepeatedHitsDescendingFill,63020,21480,0.285714285714286,True,1
call,MELI,,2026-08-03T14:27:11.659133Z,,,,89,172,63,2026-08-21,1900,MELI260821C01900000,,,142400,,1890.71,16,0.547833535442066,0.547833535442066,False,False,False,False,16,RepeatedHits,8900,8900,0.366279069767442,True,1
call,MELI,,2026-08-03T14:27:06.438838Z,,,,89.2,172,47,2026-08-21,1900,MELI260821C01900000,,,62440,,1891.165,7,0.547629337769781,0.547629337769781,False,False,False,False,7,RepeatedHits,0,8920,0.273255813953488,True,1
call,MELI,,2026-08-03T14:16:46.057147Z,,,,90,172,38,2026-08-21,1900,MELI260821C01900000,,,54000,,1893.68,6,0.544640100928615,0.544640100928615,False,False,False,False,6,RepeatedHits,9000,45000,0.22093023255814,True,1
call,MELI,,2026-08-03T14:16:41.998581Z,,,,90,172,27,2026-08-21,1900,MELI260821C01900000,,,90000,,1893.68,8,0.544640100928615,0.549047546430419,False,False,False,False,10,RepeatedHits,0,90000,0.156976744186047,True,1
call,MELI,,2026-08-03T14:12:53.807757Z,,,,93.82,172,13,2026-08-21,1900,MELI260821C01900000,,,84440,,1897.92,7,0.554073952670558,0.555266158536796,False,False,False,False,9,RepeatedHitsDescendingFill,0,37540,0.0755813953488372,True,1
call,MELI,,2026-08-03T14:04:52.034203Z,,,,66.15,6,34,2026-10-16,2140,MELI261016C02140000,,,145530,,1900,7,0.421719229325722,0.424360246719543,False,False,False,False,22,RepeatedHits,72330,73200,5.66666666666667,True,1
call,MELI,,2026-07-31T17:26:49.300072Z,,,,86.4,164,13,2026-08-21,1900,MELI260821C01900000,,,112320,,1882.98,10,0.513033325272552,0.510632679573852,False,False,False,False,13,RepeatedHits,112320,0,0.0792682926829268,True,1
put,MELI,,2026-07-31T16:19:39.946496Z,,,,101.6,3,13,2026-09-04,1870,MELI260904P01870000,,,71120,,1879.795,7,0.475063419325646,0.475063419325646,False,False,True,False,7,RepeatedHits,60960,10160,4.33333333333333,True,1
put,MELI,,2026-07-30T18:58:33.004400Z,,,,104.2,71,79,2026-09-18,1840,MELI260918P01840000,,,427220,,1861.87,15,0.43810068773088,0.43810068773088,False,False,False,False,41,RepeatedHits,427220,0,1.11267605633803,True,1
call,MELI,,2026-07-30T18:50:37.026743Z,,,,8.6,8,70,2026-08-14,2160,MELI260814C02160000,,,56738,,1860.36,25,0.534495475891196,0.534495475891196,False,False,False,False,66,RepeatedHitsDescendingFill,0,56738,8.75,True,1
put,MELI,,2026-07-30T17:27:30.761959Z,,,,109.6,38,47,2026-10-16,1800,MELI261016P01800000,,,493200,,1857.23,14,0.4255236029642,0.4255236029642,False,False,False,False,45,RepeatedHits,493200,0,1.23684210526316,True,1
put,MELI,,2026-07-30T16:31:55.588103Z,,,,55.7,73,47,2026-09-18,1700,MELI260918P01700000,,,150390,,1848.56,11,0.452779643089081,0.452779643089081,False,False,False,False,27,RepeatedHits,150390,0,0.643835616438356,True,1
call,MELI,,2026-07-30T15:47:39.315084Z,,,,8.4,4,124,2026-08-07,2100,MELI260807C02100000,,,104160,,1846.305,31,0.656390407978084,0.656390407978084,False,False,False,False,124,RepeatedHits,0,104160,31,True,1
call,MELI,,2026-07-30T14:26:46.879125Z,,,,12.1,93,49,2026-07-31,1870,MELI260731C01870000,,,55660,,1846.56,8,0.561309944262337,0.561309944262337,False,False,False,False,46,RepeatedHits,1210,54450,0.526881720430108,True,1
put,MELI,,2026-07-30T14:25:13.274286Z,,,,22.74,0,25,2026-09-04,1580,MELI260904P01580000,,,56850,,1846.905,5,0.51775911629724,0.516233922787891,False,False,False,False,25,RepeatedHits,45050,11800,0,True,1
call,MELI,,2026-07-30T13:44:59.542634Z,,,,29,11,35,2026-08-07,1980,MELI260807C01980000,,,86996,,1847.84,7,0.685369266125963,0.685369266125963,False,False,False,False,30,RepeatedHits,0,86996,3.18181818181818,True,1
put,MELI,,2026-07-29T18:33:54.441821Z,,,,26.5,226,102,2026-09-18,1600,MELI260918P01600000,,,267651,,1886.05,30,0.46742140152648,0.46742140152648,False,False,False,False,101,RepeatedHits,267651,0,0.451327433628319,True,1
put,MELI,,2026-07-29T17:03:33.460717Z,,,,52.4,0,52,2026-08-21,1765,MELI260821P01765000,,,272480,,1864.19,22,0.525543930883477,0.525543930883477,False,False,False,False,52,RepeatedHits,272480,0,0,True,1
put,MELI,,2026-07-29T14:44:11.140630Z,,,,110.6,0,6,2026-08-28,1870,MELI260828P01870000,,,55300,,1850.765,5,0.488655297292725,0.488655297292725,False,False,True,False,5,RepeatedHits,44240,11060,0,True,1
put,MELI,,2026-07-29T14:38:20.106259Z,,,,70.26,37,18,2026-10-16,1680,MELI261016P01680000,,,105390,,1845.49,5,0.439015102734559,0.439715479325516,False,False,False,False,15,RepeatedHitsDescendingFill,63000,21210,0.486486486486487,True,1
put,MELI,,2026-07-29T14:38:20.106259Z,,,,61.12,34,12,2026-10-16,1650,MELI261016P01650000,,,55010,,1845.49,5,0.441546048713033,0.441916130989753,False,False,False,False,9,RepeatedHitsDescendingFill,18120,36890,0.352941176470588,True,1
call,MELI,,2026-07-29T14:26:18.564518Z,,,,72.3,2,13,2026-08-21,1905,MELI260821C01905000,,,93990,,1848.28,9,0.512660218311032,0.512660218311032,False,False,False,False,13,RepeatedHits,93990,0,6.5,True,1
call,MELI,,2026-07-28T18:24:48.395237Z,,,,22.6,68,104,2026-07-31,1880,MELI260731C01880000,,,67800,,1861.34,30,0.455280631595526,0.455280631595526,False,False,True,False,30,RepeatedHits,65540,2260,1.52941176470588,True,1
call,MELI,,2026-07-28T16:46:19.214738Z,,,,14.5,12,100,2026-08-21,2180,MELI260821C02180000,,,145000,,1865.1775,18,0.499447229320653,0.502234203722,False,False,False,False,100,RepeatedHits,0,145000,8.33333333333333,True,1
put,MELI,,2026-07-28T14:45:34.225298Z,,,,36.5,1,17,2026-09-04,1680,MELI260904P01680000,,,58400,,1880.765,6,0.48327703982114,0.486762524780281,False,False,False,False,16,RepeatedHitsDescendingFill,21750,36650,17,True,1
put,MELI,,2026-07-28T13:59:21.103417Z,,,,106.47,47,14,2026-12-18,1660,MELI261218P01660000,,,138410,,1853.265,5,0.45406547276591,0.45406547276591,False,False,False,False,13,RepeatedHits,31800,106610,0.297872340425532,True,1
put,MELI,,2026-07-28T13:59:21.103417Z,,,,113.88,49,21,2026-12-18,1680,MELI261218P01680000,,,204990,,1853.265,6,0.455907268855453,0.453151649967177,False,False,False,False,18,RepeatedHitsAscendingFill,136680,68310,0.428571428571429,True,1
put,MELI,,2026-07-28T13:59:09.063715Z,,,,35.24,24,18,2026-12-18,1380,MELI261218P01380000,,,52860,,1855.555,5,0.475583584971075,0.472923164314748,False,False,False,False,15,RepeatedHitsAscendingFill,31500,21360,0.75,True,1
put,MELI,,2026-07-28T13:38:25.955834Z,,,,150.5,0,34,2026-09-04,1930,MELI260904P01930000,,,496650,,1857.44,5,0.474532950998138,0.474532950998138,False,False,False,False,33,RepeatedHits,0,496650,0,True,1
put,MELI,,2026-07-27T19:41:35.082483Z,,,,15,40,173,2026-07-31,1785,MELI260731P01785000,,,105000,,1832.105,14,0.445679011409269,0.445679011409269,False,False,False,False,70,RepeatedHits,105000,0,4.325,True,1
put,MELI,,2026-07-27T15:44:50.547042Z,,,,129,18,44,2026-09-18,1860,MELI260918P01860000,,,541800,,1843.59,6,0.44975574177451,0.44975574177451,False,False,False,False,42,RepeatedHits,12900,528900,2.44444444444444,True,1
put,MELI,,2026-07-24T15:27:15.123744Z,,,,8.6,140,217,2026-08-21,1500,MELI260821P01500000,,,182332,,1835.055,32,0.522724361763942,0.522724361763942,False,False,False,False,212,RepeatedHitsAscendingFill,182332,0,1.55,True,1
call,MELI,,2026-07-24T14:11:39.436342Z,,,,269.68,1,34,2026-08-14,1560,MELI260814C01560000,,,512400,,1811.76,5,0.554770403304517,0.564231335228487,False,False,False,False,19,RepeatedHitsDescendingFill,242370,270030,34,True,1
call,MELI,,2026-07-24T14:10:43.948309Z,,,,171.1,0,17,2026-09-04,1720,MELI260904C01720000,,,205320,,1814.15,5,0.471905661420985,0.475047300101294,False,False,False,False,12,RepeatedHitsDescendingFill,102450,102870,0,True,1
put,MELI,,2026-07-23T15:32:28.990637Z,,,,70.1,3,11,2026-08-07,1740,MELI260807P01740000,,,70100,,1772.66,9,0.610756118257895,0.610756118257895,False,False,False,False,10,RepeatedHits,0,70100,3.66666666666667,True,1
put,MELI,,2026-07-23T13:55:48.568902Z,,,,24.3,167,33,2026-10-16,1400,MELI261016P01400000,,,51030,,1780.51,7,0.472070310822758,0.472675771381855,False,False,False,False,21,RepeatedHitsDescendingFill,21660,29370,0.197604790419162,True,1
call,MELI,,2026-07-22T18:51:51.559812Z,,,,99.6,0,83,2026-08-21,1812.5,MELI260821C01812500,,,766920,,1801.75,18,0.495480684834631,0.498976530733616,False,False,False,False,77,RepeatedHits,0,766920,0,True,1
call,MELI,,2026-07-21T18:22:25.136134Z,,,,109.7,40,18,2026-10-16,1940,MELI261016C01940000,,,54850,,1817.84,5,0.430257189768252,0.430219755049547,False,False,False,False,5,RepeatedHits,0,54850,0.45,True,1
call,MELI,,2026-07-21T18:18:07.646565Z,,,,14.4,13,111,2026-09-18,2340,MELI260918C02340000,,,156960,,1817.62,28,0.44712569274726,0.44712569274726,False,False,False,False,109,RepeatedHits,156960,0,8.53846153846154,True,1
call,MELI,,2026-07-21T18:16:07.922998Z,,,,56.9,59,27,2026-08-21,1940,MELI260821C01940000,,,73970,,1816.02,13,0.484417461848908,0.484579345146322,False,False,False,False,13,RepeatedHits,0,73970,0.457627118644068,True,1
put,MELI,,2026-07-21T16:20:18.178416Z,,,,152.5,11,7,2026-09-18,1860,MELI260918P01860000,,,106750,,1806.1525,7,0.44478648301078,0.44478648301078,False,False,False,False,7,RepeatedHits,0,106750,0.636363636363636,True,1
call,MELI,,2026-07-21T13:41:18.862309Z,,,,253.9,45,10,2026-09-18,1620,MELI260918C01620000,,,228510,,1813.765,9,0.463264239958531,0.463264239958531,False,False,True,False,9,RepeatedHits,203120,25390,0.222222222222222,True,1
call,MELI,,2026-07-20T16:11:23.980009Z,,,,64.3,1,28,2026-07-24,1812.5,MELI260724C01812500,,,180040,,1860.945,8,0.446429591880263,0.446429591880263,False,False,False,False,28,RepeatedHits,173610,6430,28,True,1
call,MELI,,2026-07-20T15:38:50.202209Z,,,,58.3,57,90,2026-08-21,1980,MELI260821C01980000,,,495550,,1848.77,18,0.485754948474702,0.485754948474702,False,False,False,False,85,RepeatedHits,0,495550,1.57894736842105,True,1
call,MELI,,2026-07-20T13:58:20.976417Z,,,,73.22,60,29,2026-12-18,2300,MELI261218C02300000,,,131790,,1845.35,6,0.425487080451792,0.423706566694273,False,False,False,False,18,RepeatedHitsAscendingFill,87660,44130,0.483333333333333,True,1
call,MELI,,2026-07-20T13:51:18.974856Z,,,,9.6,25,175,2026-07-24,1925,MELI260724C01925000,,,162236,,1848.635,34,0.447097386869688,0.447097386869688,False,False,False,False,169,RepeatedHitsDescendingFill,0,162236,7,True,1
put,MELI,,2026-07-17T18:45:05.073655Z,,,,48.8,38,73,2026-09-18,1620,MELI260918P01620000,,,356240,,1815.845,22,0.445296547053614,0.445296547053614,False,False,False,False,73,RepeatedHits,0,356240,1.92105263157895,True,1
call,MELI,,2026-07-17T18:41:19.325717Z,,,,71.3,41,16,2026-07-31,1790,MELI260731C01790000,,,114080,,1818.39,11,0.386421525647725,0.386421525647725,False,False,True,False,16,RepeatedHits,114080,0,0.390243902439024,True,1
put,MELI,,2026-07-17T15:17:48.564447Z,,,,53.65,12,14,2026-12-18,1440,MELI261218P01440000,,,64380,,1805.16,6,0.452662669719999,0.454033023193195,False,False,False,False,12,RepeatedHits,15780,48600,1.16666666666667,True,1
call,MELI,,2026-07-17T15:14:40.680865Z,,,,35.68,0,23,2026-08-28,2060,MELI260828C02060000,,,53520,,1807.0441,5,0.460431569468659,0.460431569468659,False,False,False,False,15,RepeatedHits,21210,32310,0,True,1
call,MELI,,2026-07-17T14:17:31.007287Z,,,,145,13,20,2026-09-18,1780,MELI260918C01780000,,,217500,,1796.4,6,0.44218201326,0.44218201326,False,False,False,False,15,RepeatedHits,0,217500,1.53846153846154,True,1
put,MELI,,2026-07-17T13:45:46.703246Z,,,,13.3,91,115,2026-08-21,1500,MELI260821P01500000,,,148959,,1810.025,30,0.500970536806337,0.500970536806337,False,False,False,False,112,RepeatedHits,0,148959,1.26373626373626,True,1
call,MELI,,2026-07-16T19:55:59.025661Z,,,,143.23,72,78,2026-10-16,1900,MELI261016C01900000,,,186200,,1853.9125,6,0.418842476245869,0.419909995095315,False,False,False,False,13,RepeatedHitsDescendingFill,100130,86070,1.08333333333333,True,1
call,MELI,,2026-07-16T19:28:20.335486Z,,,,50.8,30,64,2026-08-21,2020,MELI260821C02020000,,,325120,,1856.66,16,0.462101906329133,0.462101906329133,False,False,False,False,64,RepeatedHits,0,325120,2.13333333333333,True,1
put,MELI,,2026-07-16T13:31:28.821081Z,,,,168,0,5,2026-07-17,2050,MELI260717P02050000,,,84000,,1879.1675,5,1.70311468555934,1.70311468555934,False,False,True,False,5,RepeatedHits,84000,0,0,True,1
put,MELI,,2026-07-16T13:31:28.821081Z,,,,188,0,5,2026-07-17,2070,MELI260717P02070000,,,94000,,1879.1675,5,1.82634361856236,1.82634361856236,False,False,True,False,5,RepeatedHits,94000,0,0,True,1
call,MELI,,2026-07-15T15:03:06.180306Z,,,,36.1,22,71,2026-07-31,1900,MELI260731C01900000,,,256310,,1834.955,21,0.399421155459503,0.399421155459503,False,False,False,False,71,RepeatedHits,0,256310,3.22727272727273,True,1
put,MELI,,2026-07-14T18:31:18.741177Z,,,,120.7,80,53,2026-08-21,1880,MELI260821P01880000,,,156910,,1856.975,11,0.470162822040696,0.470162822040696,False,False,False,False,13,RepeatedHits,0,156910,0.6625,True,1
call,MELI,,2026-07-14T14:32:55.346678Z,,,,17.3,7,102,2026-07-31,2020,MELI260731C02020000,,,176457,,1882.65,27,0.374357823490929,0.374357823490929,False,False,False,False,102,RepeatedHits,0,176457,14.5714285714286,True,1
call,MELI,,2026-07-14T13:42:13.231371Z,,,,3,109,195,2026-07-17,1980,MELI260717C01980000,,,58500,,1863.52,30,0.473965620776023,0.473965620776023,False,False,False,False,195,RepeatedHits,0,58500,1.78899082568807,True,1
put,MELI,,2026-07-13T19:16:54.878698Z,,,,86.47,0,26,2026-08-28,1810,MELI260828P01810000,,,103770,,1873.215,5,0.459098464448921,0.456716497909572,False,False,True,False,12,RepeatedHits,25860,77910,0,True,1
put,MELI,,2026-07-13T16:35:29.290925Z,,,,164.98,0,8,2026-08-28,1960,MELI260828P01960000,,,98990,,1872.22,6,0.45013770148996,0.45013770148996,False,False,True,False,6,RepeatedHitsAscendingFill,0,98990,0,True,1
