size,ticker,price,volume,executed_at,canceled,premium,sale_cond_codes,nbbo_bid,nbbo_ask,ext_hour_sold_codes,market_center,nbbo_ask_quantity,nbbo_bid_quantity,tracking_id,trade_code,trade_settlement,trf_executed_at
450,COIN,384.065,16694318,2025-07-11T23:59:58Z,False,172829.250,,384.09,384.25,extended_hours_trade,L,4,1,71998990617792,,regular,
400,COIN,385,16685453,2025-07-11T23:36:15Z,False,154000,,384.72,384.84,extended_hours_trade,L,19,3,70575758524193,,regular,
700,COIN,385,16683932,2025-07-11T23:28:56Z,False,269500,,384.60,384.94,extended_hours_trade,L,29,530,70136616868678,,regular,
300,COIN,385.2767,16675408,2025-07-11T22:38:36Z,False,115583.0100,,384.40,385.30,extended_hours_trade,L,345,500,67116942218129,,regular,
900,COIN,384,16670073,2025-07-11T22:32:56Z,False,345600,,384.15,385.29,extended_hours_trade,L,1,16,66776377258675,,regular,
273,COIN,385.3042,16665324,2025-07-11T22:24:26Z,False,105188.0466,,385.30,385.70,extended_hours_trade,L,1,500,66266283034743,,regular,
700,COIN,385.30,16662079,2025-07-11T21:51:54Z,False,269710.00,,385.30,385.52,extended_hours_trade,L,7,500,64314234517790,,regular,
94896,COIN,387.06,16659897,2025-07-11T21:50:25Z,False,36730445.76,prior_reference_price,386.16,386.99,extended_hours_trade,L,10,45,64225593847341,,regular,
2299,COIN,386.72,16564221,2025-07-11T21:46:12Z,False,889069.28,,386,386.99,extended_hours_trade,L,10,200,63972236790956,,regular,
6299,COIN,387.06,16555750,2025-07-11T21:25:25Z,False,2438090.94,prior_reference_price,385.50,386,extended_hours_trade,L,507,1,62725326046522,,regular,
270,COIN,385.85,16546790,2025-07-11T21:01:41Z,False,104179.50,,385.33,386,extended_hours_trade,L,1000,10,61301004749182,,regular,
2596,COIN,385.84,16546417,2025-07-11T21:01:32Z,False,1001640.64,,385.33,386,extended_hours_trade,L,1000,10,61292856617945,,regular,
350,COIN,385.30,16540785,2025-07-11T20:51:27Z,False,134855.00,,385.30,385.85,extended_hours_trade,L,129,500,60687174902799,,regular,
786,COIN,385.42,16540435,2025-07-11T20:51:10Z,False,302940.12,,385.30,385.90,extended_hours_trade,L,1,500,60670214730504,,regular,
298,COIN,385.16,16538042,2025-07-11T20:49:48Z,False,114777.68,,385.13,385.39,extended_hours_trade,L,90,10,60588706180580,,regular,
298,COIN,385.1601,16538340,2025-07-11T20:49:48Z,False,114777.7098,,385.13,385.39,extended_hours_trade,L,90,10,60588706934869,,regular,
970,COIN,385.20,16536367,2025-07-11T20:42:04Z,False,373644.00,,385.13,385.40,extended_hours_trade,L,1,10,60124272868503,,regular,
500,COIN,385.29,16533227,2025-07-11T20:34:33Z,False,192645.00,,385.07,385.29,extended_hours_trade,L,14,2,59673865040771,,regular,
1000,COIN,385.4001,16529465,2025-07-11T20:32:24Z,False,385400.1000,,385.31,385.71,extended_hours_trade,L,4,1,59544463024104,,regular,
330,COIN,385.32,16529965,2025-07-11T20:32:24Z,False,127155.60,,385.31,385.71,extended_hours_trade,L,4,1,59544463460658,,regular,
1000,COIN,385.40,16528295,2025-07-11T20:32:24Z,False,385400.00,,385.31,385.71,extended_hours_trade,L,4,1,59544461812560,,regular,
525,COIN,387.06,16527295,2025-07-11T20:32:21Z,False,203206.50,prior_reference_price,385.31,385.71,extended_hours_trade,L,4,1,59541849398156,,regular,
400,COIN,385.3128,16523939,2025-07-11T20:23:09Z,False,154125.1200,,385,386,extended_hours_trade,L,1029,51,58989049281495,,regular,
706,COIN,387.06,16519674,2025-07-11T20:20:00Z,False,273264.36,prior_reference_price,385.71,386.10,extended_hours_trade,L,700,2,58800488036010,,regular,
400,COIN,386,16517828,2025-07-11T20:15:28Z,False,154400,,386.01,386.48,extended_hours_trade,L,1,10,58528088151335,,regular,
878,COIN,387.06,16512009,2025-07-11T20:07:49Z,False,339838.68,,386.51,386.99,extended_hours_trade,L,10,5,58069775827558,,regular,
300,COIN,386.5115,16510384,2025-07-11T20:06:34Z,False,115953.4500,,386.45,386.90,extended_hours_trade,L,3,103,57994359536321,,regular,
325,COIN,386.9977,16509821,2025-07-11T20:05:52Z,False,125774.2525,,386.45,386.90,extended_hours_trade,L,3,103,57952969676773,,regular,
450,COIN,386.60,16509186,2025-07-11T20:05:22Z,False,173970.00,,386.45,386.99,extended_hours_trade,L,10,103,57922791636012,,regular,
400,COIN,386.52,16508239,2025-07-11T20:05:01Z,False,154608.00,,386.45,386.99,extended_hours_trade,L,10,103,57901834933718,,regular,
7073,COIN,387.06,16507749,2025-07-11T20:03:50Z,False,2737675.38,,386.45,387,extended_hours_trade,L,10,103,57830413128894,,regular,
556,COIN,387.06,16507418,2025-07-11T20:03:15Z,False,215205.36,prior_reference_price,386.60,387,extended_hours_trade,L,10,34,57795690338732,,regular,
450,COIN,386.8499,16501060,2025-07-11T20:02:05Z,False,174082.4550,,386.50,386.88,extended_hours_trade,L,25,100,57725708484944,,regular,
582,COIN,387.06,16500610,2025-07-11T20:02:03Z,False,225268.92,prior_reference_price,386.50,386.88,extended_hours_trade,L,25,100,57723182630992,,regular,
500,COIN,386.452,16499906,2025-07-11T20:01:36Z,False,193226.000,,386.45,387,extended_hours_trade,L,34,103,57696393178665,,regular,
300,COIN,385.25,16497018,2025-07-11T20:00:45Z,False,115575.00,,385.71,387,extended_hours_trade,L,15,2,57645478446666,,regular,
673,COIN,385.71,16496718,2025-07-11T20:00:41Z,False,259582.83,,385.71,387,extended_hours_trade,L,9,2,57641943796514,,regular,
278,COIN,386.4499,16495681,2025-07-11T20:00:40Z,False,107433.0722,,385.71,387,extended_hours_trade,L,9,2,57640183782939,,regular,
278,COIN,386.45,16495403,2025-07-11T20:00:40Z,False,107433.10,,385.71,387,extended_hours_trade,L,9,2,57640182971599,,regular,
425,COIN,387.06,16495058,2025-07-11T20:00:29Z,False,164500.50,prior_reference_price,385.71,387,extended_hours_trade,L,9,2,57629891782793,,regular,
7073,COIN,387.06,16494633,2025-07-11T20:00:28Z,True,2737675.38,,385.71,387,extended_hours_trade,L,9,2,57628140986385,,regular,
4927,COIN,387.06,16487560,2025-07-11T20:00:27Z,False,1907044.62,,385.71,387,extended_hours_trade,L,9,2,57627459905482,,regular,
2000,COIN,387.06,16482444,2025-07-11T20:00:21Z,False,774120.00,prior_reference_price,385.71,387.50,extended_hours_trade,L,301,2,57621633772967,,regular,
1397,COIN,387.06,16480444,2025-07-11T20:00:20Z,False,540722.82,prior_reference_price,385.71,387.50,extended_hours_trade,L,301,2,57620695352913,,regular,
784,COIN,387.06,16478647,2025-07-11T20:00:19Z,False,303455.04,prior_reference_price,386,387.50,extended_hours_trade,L,301,500,57619867710331,,regular,
285,COIN,387.06,16477423,2025-07-11T20:00:15Z,False,110312.10,prior_reference_price,386,387.50,extended_hours_trade,L,301,500,57615534358568,,regular,
315,COIN,387.06,16477138,2025-07-11T20:00:15Z,False,121923.90,prior_reference_price,386,387.50,extended_hours_trade,L,301,500,57615388021757,,regular,
1510,COIN,387.06,16476517,2025-07-11T20:00:15Z,False,584460.60,prior_reference_price,386,387.50,extended_hours_trade,L,301,500,57615014442019,,regular,
313,COIN,387.06,16474955,2025-07-11T20:00:13Z,False,121149.78,,386,387.50,extended_hours_trade,L,301,500,57613190269882,,regular,
8500,COIN,387.06,16474351,2025-07-11T20:00:10Z,False,3290010.00,prior_reference_price,386,387.50,extended_hours_trade,L,301,500,57610498329438,,regular,
620,COIN,387.06,16465820,2025-07-11T20:00:10Z,False,239977.20,prior_reference_price,386,387.50,extended_hours_trade,L,301,500,57610488814658,,regular,
691,COIN,387.06,16465178,2025-07-11T20:00:10Z,False,267458.46,prior_reference_price,386,387.50,extended_hours_trade,L,301,500,57610477464071,,regular,
7000,COIN,387.06,16464487,2025-07-11T20:00:10Z,False,2709420.00,prior_reference_price,386,387.50,extended_hours_trade,L,301,500,57610473691713,,regular,
719,COIN,387.06,16457340,2025-07-11T20:00:10Z,False,278296.14,,386,387.50,extended_hours_trade,L,301,500,57610349442074,,regular,
280,COIN,387.06,16456084,2025-07-11T20:00:09Z,False,108376.80,average_price_trade,386,387.50,extended_hours_trade,L,301,500,57609052517289,,regular,
264,COIN,387.06,16455742,2025-07-11T20:00:02Z,False,102183.84,,386,387.50,extended_hours_trade,L,301,500,57602389824032,,regular,
2700,COIN,387.06,16455350,2025-07-11T20:00:02Z,False,1045062.00,,386,387.50,extended_hours_trade,L,301,500,57602044056721,,regular,
1736,COIN,387.06,16452646,2025-07-11T20:00:02Z,False,671936.16,,386,387.50,extended_hours_trade,L,301,500,57602043606132,,regular,
1736,COIN,387.06,16449876,2025-07-11T20:00:02Z,False,671936.16,,386,387.50,extended_hours_trade,L,301,500,57602042192564,,regular,
342,COIN,387.06,16450223,2025-07-11T20:00:02Z,False,132374.52,,386,387.50,extended_hours_trade,L,301,500,57602042564360,,regular,
497,COIN,387.06,16450720,2025-07-11T20:00:02Z,False,192368.82,,386,387.50,extended_hours_trade,L,301,500,57602042741426,,regular,
20576,COIN,387.06,16448097,2025-07-11T20:00:02Z,False,7964146.56,,386,387.50,extended_hours_trade,L,301,500,57602041791532,,regular,
1000,COIN,386.95,15988715,2025-07-11T19:59:59Z,False,386950.00,,387.12,387.16,,L,100,178,57599484357935,,regular,
400,COIN,387.063,15969362,2025-07-11T19:59:57Z,False,154825.200,,387.07,387.12,,L,20,100,57597900908803,,regular,
300,COIN,387.08,15968508,2025-07-11T19:59:57Z,False,116124.00,,387.07,387.12,,L,20,100,57597801540459,,regular,
300,COIN,387.053,15967103,2025-07-11T19:59:57Z,False,116115.900,,387.07,387.12,,L,20,100,57597581699111,,regular,
400,COIN,387.10,15964563,2025-07-11T19:59:57Z,False,154840.00,,387,387.08,,L,35,110,57597146151262,,regular,
400,COIN,387.14,15962889,2025-07-11T19:59:56Z,False,154856.00,,387,387.08,,L,35,110,57596996251929,,regular,
300,COIN,387.16,15961875,2025-07-11T19:59:56Z,False,116148.00,,387,387.08,,L,35,110,57596965366209,,regular,
300,COIN,387.08,15956997,2025-07-11T19:59:55Z,False,116124.00,,386.95,387,,L,480,103,57595264647375,,regular,
500,COIN,386.89,15942601,2025-07-11T19:59:52Z,False,193445.00,,386.86,386.88,,L,110,199,57592961147349,,regular,
577,COIN,386.8665,15940891,2025-07-11T19:59:52Z,False,223221.9705,,386.86,386.88,,L,110,199,57592752771169,,regular,
300,COIN,386.80,15927508,2025-07-11T19:59:49Z,False,116040.00,,386.75,386.82,,L,365,298,57589963823901,,regular,
450,COIN,386.7101,15920296,2025-07-11T19:59:47Z,False,174019.5450,,386.81,386.92,,L,169,207,57587120482891,,regular,
600,COIN,386.77,15915056,2025-07-11T19:59:45Z,False,232062.00,,386.77,386.90,,L,40,32,57585506123848,,regular,
1000,COIN,386.8499,15909435,2025-07-11T19:59:44Z,False,386849.9000,,386.64,386.70,,L,454,21,57584296172260,,regular,
300,COIN,386.627,15892997,2025-07-11T19:59:41Z,False,115988.100,,386.61,386.66,,L,100,184,57581092678500,,regular,
600,COIN,386.6352,15860528,2025-07-11T19:59:35Z,False,231981.1200,,386.63,386.66,,L,256,61,57575448630158,,regular,
450,COIN,386.47,15843724,2025-07-11T19:59:30Z,False,173911.50,,386.47,386.56,,L,210,9,57570097054140,,regular,
290,COIN,386.5799,15834380,2025-07-11T19:59:26Z,False,112108.1710,,386.53,386.57,,L,87,300,57566942794752,,regular,
300,COIN,386.5004,15820182,2025-07-11T19:59:22Z,False,115950.1200,,386.47,386.50,,L,70,31,57562691121256,,regular,
300,COIN,386.48,15811687,2025-07-11T19:59:19Z,False,115944.00,,386.42,386.54,,L,716,244,57559068199274,,regular,
300,COIN,386.432,15802800,2025-07-11T19:59:16Z,False,115929.600,,386.44,386.54,,L,620,88,57556343699893,,regular,
500,COIN,386.486,15800205,2025-07-11T19:59:13Z,False,193243.000,,386.42,386.61,,L,100,262,57553956510296,,regular,
300,COIN,386.35,15785474,2025-07-11T19:59:08Z,False,115905.00,,386.39,386.40,,L,118,210,57548752515120,,regular,
400,COIN,386.355,15769898,2025-07-11T19:59:03Z,False,154542.000,,386.28,386.38,,L,100,88,57543060337414,,regular,
300,COIN,386.3404,15739813,2025-07-11T19:58:49Z,False,115902.1200,,386.23,386.40,,L,1,300,57529876780632,,regular,
491,COIN,386.46,15728899,2025-07-11T19:58:46Z,False,189751.86,,386.20,386.39,,L,10,130,57526787227111,,regular,
500,COIN,386.25,15727436,2025-07-11T19:58:43Z,False,193125.00,,386.26,386.46,,L,10,23,57523344226846,,regular,
331,COIN,386.2119,15726702,2025-07-11T19:58:43Z,False,127836.1389,,386.26,386.46,,L,10,23,57523338546068,,regular,
500,COIN,386.53,15715740,2025-07-11T19:58:38Z,False,193265.00,,386.46,386.66,,L,440,341,57518714043051,,regular,
300,COIN,386.56,15689952,2025-07-11T19:58:30Z,False,115968.00,,386.45,386.66,,L,41,40,57510074534340,,regular,
262,COIN,386.611,15687593,2025-07-11T19:58:24Z,False,101292.082,,386.45,386.67,,2,83,126,57504249299587,,regular,
400,COIN,386.64,15685761,2025-07-11T19:58:23Z,False,154656.00,,386.45,386.64,,L,10,31,57503415090099,,regular,
400,COIN,386.60,15685161,2025-07-11T19:58:23Z,False,154640.00,,386.45,386.64,,L,10,31,57503405612791,,regular,
409,COIN,386.76,15662976,2025-07-11T19:58:10Z,False,158184.84,,386.69,386.83,,L,476,361,57490563375674,,regular,
400,COIN,386.76,15663476,2025-07-11T19:58:10Z,False,154704.00,,386.69,386.83,,L,476,361,57490563673034,,regular,
591,COIN,386.76,15664067,2025-07-11T19:58:10Z,False,228575.16,,386.69,386.83,,L,476,361,57490563777032,,regular,
300,COIN,386.73,15651275,2025-07-11T19:58:02Z,False,116019.00,,386.75,386.83,,L,177,326,57482637587359,,regular,
400,COIN,386.77,15648331,2025-07-11T19:58:01Z,False,154708.00,,386.75,386.83,,L,177,326,57481618150995,,regular,
281,COIN,386.686,15606861,2025-07-11T19:57:45Z,False,108658.766,,386.60,386.70,,L,100,621,57465181008873,,regular,
300,COIN,386.8067,15596737,2025-07-11T19:57:37Z,False,116042.0100,average_price_trade,386.53,386.69,,L,625,1003,57457211668409,derivative_priced,regular,
620,COIN,386.6891,15589738,2025-07-11T19:57:32Z,False,239747.2420,,386.59,386.71,,L,1,524,57452502902189,,regular,
336,COIN,386.644,15586348,2025-07-11T19:57:29Z,False,129912.384,,386.59,386.76,,L,203,429,57449457981930,,regular,
700,COIN,386.66,15580634,2025-07-11T19:57:22Z,False,270662.00,,386.81,386.83,,L,200,310,57442902316498,,regular,
884,COIN,386.8299,15576949,2025-07-11T19:57:21Z,False,341957.6316,,386.79,386.83,,L,106,403,57441980585422,,regular,
350,COIN,386.755,15564419,2025-07-11T19:57:11Z,False,135364.250,,386.81,387.01,,L,100,996,57431839670942,,regular,
992,COIN,386.88,15538023,2025-07-11T19:56:58Z,False,383784.96,,386.78,386.99,,L,10,220,57418745013747,,regular,
974,COIN,387.0001,15523086,2025-07-11T19:56:50Z,False,376938.0974,,387,387.08,,L,35,619,57410250445377,,regular,
371,COIN,387.0001,15522052,2025-07-11T19:56:50Z,False,143577.0371,,387,387.08,,L,35,619,57410247968764,,regular,
1000,COIN,387.0003,15521680,2025-07-11T19:56:50Z,False,387000.3000,,387,387.08,,L,35,218,57410096312844,,regular,
300,COIN,387.085,15520672,2025-07-11T19:56:49Z,False,116125.500,,386.80,386.88,,L,100,338,57409771919513,,regular,
300,COIN,386.75,15508090,2025-07-11T19:56:46Z,False,116025.00,,386.75,386.82,,L,210,217,57406045366378,,regular,
275,COIN,386.7504,15507297,2025-07-11T19:56:45Z,False,106356.3600,,386.75,386.82,,L,210,217,57405932572493,,regular,
500,COIN,386.7768,15506444,2025-07-11T19:56:43Z,False,193388.4000,,386.73,386.82,,L,110,242,57403821512463,,regular,
500,COIN,386.7525,15505835,2025-07-11T19:56:42Z,False,193376.2500,,386.73,386.82,,L,110,242,57402628274656,,regular,
445,COIN,386.84,15478506,2025-07-11T19:56:24Z,False,172143.80,,386.80,386.94,,L,1,420,57384570852136,,regular,
500,COIN,386.3516,15463336,2025-07-11T19:56:18Z,False,193175.8000,average_price_trade,386.78,386.94,,L,100,401,57378125390779,derivative_priced,regular,
500,COIN,386.68,15461767,2025-07-11T19:56:16Z,False,193340.00,,386.67,386.89,,L,5,688,57376299691173,,regular,
400,COIN,386.3404,15461147,2025-07-11T19:56:15Z,False,154536.1600,average_price_trade,386.67,386.89,,L,5,364,57375556074739,derivative_priced,regular,
300,COIN,386.66,15450207,2025-07-11T19:56:02Z,False,115998.00,,386.74,386.85,,L,1,537,57362624011462,,regular,
500,COIN,386.74,15435051,2025-07-11T19:55:48Z,False,193370.00,,386.66,386.80,,L,1,618,57348775209526,,regular,
392,COIN,386.65,15428575,2025-07-11T19:55:39Z,False,151566.80,,386.58,386.66,,L,10,413,57339991448585,,regular,
776,COIN,385.7398,15419371,2025-07-11T19:55:30Z,False,299334.0848,average_price_trade,386.48,386.62,,L,3,442,57330018800211,derivative_priced,regular,
1000,COIN,386.4801,15418115,2025-07-11T19:55:29Z,False,386480.1000,,386.48,386.66,,L,245,316,57329044365662,,regular,
500,COIN,386.56,15415935,2025-07-11T19:55:26Z,False,193280.00,,386.44,386.66,,L,245,32,57326035926356,,regular,
522,COIN,386.44,15396684,2025-07-11T19:55:11Z,False,201721.68,,386.32,386.56,,L,125,347,57311131105117,,regular,
500,COIN,386.22,15386875,2025-07-11T19:55:01Z,False,193110.00,,385.88,386.22,,L,20,10,57301220279268,,regular,
400,COIN,385.92,15374353,2025-07-11T19:55:00Z,False,154368.00,,385.55,385.81,,L,154,105,57300064116231,,regular,
956,COIN,385.81,15366611,2025-07-11T19:54:50Z,False,368834.36,,385.49,385.78,,L,10,5,57290029318800,,regular,
328,COIN,385.6048,15362314,2025-07-11T19:54:46Z,False,126478.3744,,385.57,385.81,,L,100,250,57286077645141,,regular,
750,COIN,385.6566,15357443,2025-07-11T19:54:37Z,False,289242.4500,,385.34,385.62,,L,10,23,57277930836973,,regular,
286,COIN,385.8199,15351233,2025-07-11T19:54:25Z,False,110344.4914,,385.64,385.82,,L,100,82,57265026227857,,regular,
286,COIN,385.82,15350772,2025-07-11T19:54:25Z,False,110344.52,,385.64,385.82,,L,100,82,57265024174510,,regular,
643,COIN,385.8199,15350090,2025-07-11T19:54:25Z,False,248082.1957,,385.64,385.82,,L,100,82,57265022636233,,regular,
282,COIN,385.8199,15350372,2025-07-11T19:54:25Z,False,108801.2118,,385.64,385.82,,L,100,82,57265022798520,,regular,
600,COIN,385.5997,15343362,2025-07-11T19:54:15Z,False,231359.8200,average_price_trade,385.29,385.69,,L,10,306,57255371808988,derivative_priced,regular,
300,COIN,385.26,15341940,2025-07-11T19:54:11Z,False,115578.00,,385.11,385.43,,L,30,14,57251339090248,,regular,
715,COIN,385,15339390,2025-07-11T19:54:06Z,False,275275,,385.02,385.28,,L,110,70,57246684017238,,regular,
300,COIN,385,15338143,2025-07-11T19:54:06Z,False,115500,,385.16,385.24,,L,10,100,57246450735150,,regular,
1500,COIN,385.405,15335283,2025-07-11T19:54:04Z,False,578107.500,,385.31,385.56,,L,100,138,57244956186014,,regular,
400,COIN,385.6202,15331185,2025-07-11T19:54:00Z,False,154248.0800,average_price_trade,385.62,385.83,,L,104,220,57240486107068,derivative_priced,regular,
349,COIN,385.57,15323164,2025-07-11T19:53:41Z,False,134563.93,,385.57,385.66,,L,400,247,57221995506669,,regular,
900,COIN,385.8199,15319431,2025-07-11T19:53:41Z,False,347237.9100,,385.69,385.82,,L,400,13,57221062035400,,regular,
300,COIN,385.57,15314794,2025-07-11T19:53:39Z,False,115671.00,,385.57,385.75,,L,13,166,57219648915215,,regular,
351,COIN,386,15312485,2025-07-11T19:53:35Z,False,135486,,385.74,386,,L,100,125,57215524676385,,regular,
362,COIN,385.8119,15305878,2025-07-11T19:53:30Z,False,139663.9078,,385.81,386.02,,L,100,100,57210707912743,,regular,
280,COIN,385.62,15292190,2025-07-11T19:53:15Z,False,107973.60,,385.62,385.72,,L,1,2,57195842015367,,regular,
400,COIN,385.71,15290769,2025-07-11T19:53:10Z,False,154284.00,,385.75,385.96,,L,1,12,57190398011120,,regular,
280,COIN,385.82,15288996,2025-07-11T19:53:08Z,False,108029.60,,385.82,386,,L,2343,47,57188625310758,,regular,
300,COIN,385.7676,15286590,2025-07-11T19:53:06Z,False,115730.2800,,385.71,385.84,,L,100,231,57186226796243,,regular,
400,COIN,385.7619,15277083,2025-07-11T19:52:50Z,False,154304.7600,,385.53,385.85,,L,100,100,57170782980073,,regular,
500,COIN,385.365,15254023,2025-07-11T19:52:21Z,False,192682.500,,385.30,385.49,,L,914,10,57141876486200,,regular,
500,COIN,385.365,15253523,2025-07-11T19:52:21Z,False,192682.500,,385.30,385.49,,L,914,10,57141858819194,,regular,
500,COIN,385.365,15253023,2025-07-11T19:52:21Z,False,192682.500,,385.30,385.49,,L,914,10,57141843379567,,regular,
500,COIN,385.365,15252523,2025-07-11T19:52:21Z,False,192682.500,,385.30,385.49,,L,914,10,57141832784248,,regular,
1000,COIN,385.5599,15249494,2025-07-11T19:52:07Z,False,385559.9000,,385.23,385.55,,L,10,41,57127448578078,,regular,
350,COIN,385.54,15246683,2025-07-11T19:52:06Z,False,134939.00,,385.40,385.63,,L,1000,51,57126369619962,,regular,
1000,COIN,385.3635,15240778,2025-07-11T19:52:00Z,False,385363.5000,average_price_trade,385.37,385.55,,L,14,84,57120122632263,derivative_priced,regular,
300,COIN,385.3395,15235274,2025-07-11T19:51:50Z,False,115601.8500,average_price_trade,385.23,385.40,,L,10,44,57110346806955,,regular,
500,COIN,385.3406,15234814,2025-07-11T19:51:49Z,False,192670.3000,average_price_trade,385.23,385.40,,L,10,43,57109461652561,derivative_priced,regular,
282,COIN,385.45,15232867,2025-07-11T19:51:47Z,False,108696.90,,385.23,385.32,,L,5,50,57107471981805,,regular,
282,COIN,385.4478,15233149,2025-07-11T19:51:47Z,False,108696.2796,,385.23,385.32,,L,5,50,57107471993236,,regular,
300,COIN,384.7652,15230486,2025-07-11T19:51:30Z,False,115429.5600,average_price_trade,385.22,385.47,,L,10,6,57090652627468,derivative_priced,regular,
384,COIN,385.212,15226888,2025-07-11T19:51:22Z,False,147921.408,,385.22,385.47,,L,10,6,57082192873774,,regular,
400,COIN,385.236,15227288,2025-07-11T19:51:22Z,False,154094.400,,385.22,385.47,,L,10,6,57082192973275,,regular,
1200,COIN,385.18,15228488,2025-07-11T19:51:22Z,False,462216.00,,385.22,385.47,,L,10,6,57082193009238,,regular,
300,COIN,385.3336,15224357,2025-07-11T19:51:12Z,False,115600.0800,,385.18,385.47,,L,20,193,57072420285674,,regular,
563,COIN,385.21,15220600,2025-07-11T19:51:06Z,False,216873.23,,385.18,385.35,,L,35,286,57066764542084,,regular,
319,COIN,384.9511,15220037,2025-07-11T19:51:06Z,False,122799.4009,average_price_trade,385.18,385.35,,L,35,286,57066732550543,derivative_priced,regular,
320,COIN,385.18,15217836,2025-07-11T19:51:02Z,False,123257.60,,385.18,385.30,,2,15,210,57062073741389,,regular,
1000,COIN,385.4999,15207157,2025-07-11T19:50:52Z,False,385499.9000,,385.33,385.47,,L,10,10,57052833232741,,regular,
300,COIN,385.5376,15204396,2025-07-11T19:50:48Z,False,115661.2800,,385.44,385.68,,L,10,8,57048881633304,,regular,
500,COIN,385.73,15203976,2025-07-11T19:50:47Z,False,192865.00,,385.40,385.68,,L,10,31,57047740036784,,regular,
271,COIN,385.80,15200143,2025-07-11T19:50:44Z,False,104551.80,,385.56,385.80,,L,27,89,57044094221757,,regular,
500,COIN,385.62,15198637,2025-07-11T19:50:38Z,False,192810.00,,385.56,385.75,,L,50,23,57038561593736,,regular,
400,COIN,385.6399,15192558,2025-07-11T19:50:21Z,False,154255.9600,,385.30,385.64,,L,268,31,57021423554653,,regular,
382,COIN,385.7999,15192940,2025-07-11T19:50:21Z,False,147375.5618,,385.30,385.64,,L,268,31,57021423639420,intermarket_sweep,regular,
400,COIN,385.44,15187781,2025-07-11T19:50:15Z,False,154176.00,,385.29,385.63,,L,5,15,57015192934840,,regular,
2367,COIN,385.69,15182983,2025-07-11T19:50:06Z,False,912928.23,,385.59,385.80,,L,13,204,57006378582972,,regular,
400,COIN,385.73,15178386,2025-07-11T19:50:04Z,False,154292.00,,385.59,385.80,,L,13,204,57004909805028,,regular,
350,COIN,385.6582,15177696,2025-07-11T19:50:03Z,False,134980.3700,,385.48,385.80,,L,13,115,57003905177622,,regular,
300,COIN,384.90,15168742,2025-07-11T19:50:00Z,False,115470.00,,384.61,384.79,,L,13,15,57000051246569,,regular,
300,COIN,384.81,15168017,2025-07-11T19:50:00Z,False,115443.00,,384.61,384.79,,L,13,15,57000047053827,,regular,
563,COIN,384.7001,15157086,2025-07-11T19:49:58Z,False,216586.1563,,384.75,384.92,,L,20,7,56998705531318,,regular,
300,COIN,384.582,15154130,2025-07-11T19:49:48Z,False,115374.600,average_price_trade,384.49,384.68,,L,200,1,56988037979195,,regular,
500,COIN,384.4374,15151842,2025-07-11T19:49:35Z,False,192218.7000,,384.39,384.51,,L,1,12,56975178989241,,regular,
550,COIN,384.35,15151048,2025-07-11T19:49:29Z,False,211392.50,,384.27,384.51,,L,1,120,56969252406005,,regular,
400,COIN,384.80,15140459,2025-07-11T19:48:49Z,False,153920.00,,384.75,384.80,,L,7,214,56929215942519,,regular,
390,COIN,384.80,15139706,2025-07-11T19:48:49Z,False,150072.00,,384.75,384.80,,L,7,214,56929207212283,,regular,
350,COIN,384.7244,15137903,2025-07-11T19:48:44Z,False,134653.5400,,384.67,384.80,,L,260,15,56924094413546,,regular,
350,COIN,384.73,15137345,2025-07-11T19:48:42Z,False,134655.50,,384.67,384.80,,L,260,8,56922715280186,,regular,
500,COIN,384.45,15132158,2025-07-11T19:48:18Z,False,192225.00,contingent_trade,384.35,384.60,,L,105,26,56898926796815,qualified_contingent_trade,regular,
1000,COIN,384.30,15131583,2025-07-11T19:48:18Z,False,384300.00,,384.35,384.59,,L,100,26,56898373032941,,regular,
300,COIN,384.71,15116031,2025-07-11T19:47:34Z,False,115413.00,,384.62,384.75,,L,11,202,56854047431151,,regular,
275,COIN,384.47,15111165,2025-07-11T19:47:05Z,False,105729.25,,384.28,384.69,,L,10,5,56825583883255,,regular,
357,COIN,384.22,15106249,2025-07-11T19:46:43Z,False,137166.54,,384.18,384.41,,L,100,169,56803776466358,,regular,
300,COIN,384.34,15104924,2025-07-11T19:46:38Z,False,115302.00,,384.18,384.41,,L,110,148,56798419867614,,regular,
350,COIN,383.9301,15099380,2025-07-11T19:46:25Z,False,134375.5350,,383.93,384.25,,L,10,129,56785161186982,,regular,
500,COIN,384.2918,15091554,2025-07-11T19:45:39Z,False,192145.9000,,384.14,384.43,,L,35,190,56739835880795,,regular,
416,COIN,384.1412,15090422,2025-07-11T19:45:39Z,False,159802.7392,,384.19,384.43,,L,35,11,56739244281977,,regular,
334,COIN,384.6337,15083895,2025-07-11T19:45:18Z,False,128467.6558,,384.59,384.83,,L,9,238,56718279731163,,regular,
288,COIN,384.28,15076019,2025-07-11T19:44:36Z,False,110672.64,,384.42,384.54,,L,22,1,56676859111556,,regular,
400,COIN,384.42,15074864,2025-07-11T19:44:31Z,False,153768.00,,384.41,384.54,,L,23,16,56671038853405,,regular,
300,COIN,383.98,15069074,2025-07-11T19:44:09Z,False,115194.00,,383.83,384.09,,L,3,111,56649790778699,,regular,
2000,COIN,384.6699,15046883,2025-07-11T19:43:01Z,False,769339.8000,,384.44,384.67,,L,201,7,56581192060505,,regular,
400,COIN,384.64,15041883,2025-07-11T19:42:37Z,False,153856.00,,384.48,384.80,,L,350,202,56557142843886,,regular,
400,COIN,384.585,15040972,2025-07-11T19:42:36Z,False,153834.000,,384.47,384.80,,L,424,181,56556930791918,,regular,
400,COIN,384.59,15039255,2025-07-11T19:42:28Z,False,153836.00,,384.47,384.82,,L,10,174,56548995729095,,regular,
305,COIN,384.8267,15036143,2025-07-11T19:42:20Z,False,117372.1435,,384.50,384.83,,L,109,436,56540923810598,,regular,
300,COIN,384.76,15033095,2025-07-11T19:41:55Z,False,115428.00,,384.70,384.82,,L,1,205,56515507913828,,regular,
325,COIN,384.66,15029934,2025-07-11T19:41:25Z,False,125014.50,,384.50,384.85,,L,110,11,56485026645732,,regular,
500,COIN,384.7246,15029609,2025-07-11T19:41:24Z,False,192362.3000,,384.50,384.85,,L,110,11,56484746164720,,regular,
499,COIN,384.83,15025980,2025-07-11T19:41:04Z,False,192030.17,,384.75,384.97,,L,100,7,56464787041280,,regular,
496,COIN,384.90,15025137,2025-07-11T19:40:57Z,False,190910.40,,384.82,385,,L,110,10,56457483275092,,regular,
500,COIN,384.91,15021939,2025-07-11T19:40:52Z,False,192455.00,,384.82,385.20,,L,10,180,56452819660322,,regular,
300,COIN,385.005,15010746,2025-07-11T19:40:20Z,False,115501.500,,384.79,385.21,,L,102,274,56420631987301,,regular,
500,COIN,384.9899,15006722,2025-07-11T19:40:16Z,False,192494.9500,,384.71,384.99,,L,164,115,56416760649319,,regular,
300,COIN,384.375,15002949,2025-07-11T19:39:58Z,False,115312.500,average_price_trade,384.29,384.45,,L,111,19,56398486335909,derivative_priced,regular,
300,COIN,384.1333,14996278,2025-07-11T19:39:21Z,False,115239.9900,,384.24,384.51,,L,11,13,56361694709177,,regular,
400,COIN,384.26,14989793,2025-07-11T19:39:03Z,False,153704.00,,384.06,384.30,,L,100,21,56343333518415,,regular,
400,COIN,384.15,14988588,2025-07-11T19:38:50Z,False,153660.00,,384.06,384.30,,L,100,16,56330646246526,,regular,
980,COIN,384,14987573,2025-07-11T19:38:47Z,False,376320,,384.25,384.55,,L,100,297,56327779834124,,regular,
342,COIN,384.45,14969225,2025-07-11T19:38:07Z,False,131481.90,,384.37,384.59,,L,201,16,56287302219759,,regular,
800,COIN,384.41,14968404,2025-07-11T19:38:03Z,False,307528.00,,384.37,384.59,,L,201,16,56283509489467,,regular,
325,COIN,384.455,14967563,2025-07-11T19:38:01Z,False,124947.875,,384.37,384.59,,L,201,16,56281195386657,,regular,
300,COIN,384.4952,14964886,2025-07-11T19:37:38Z,False,115348.5600,average_price_trade,384.32,384.59,,L,100,200,56258458641394,derivative_priced,regular,
500,COIN,384.4132,14963366,2025-07-11T19:37:34Z,False,192206.6000,,384.29,384.58,,L,10,1,56254342309737,,regular,
500,COIN,384.42,14962327,2025-07-11T19:37:32Z,False,192210.00,,384.29,384.58,,L,10,1,56252416248135,,regular,
285,COIN,384.43,14961824,2025-07-11T19:37:31Z,False,109562.55,,384.31,384.54,,L,64,12,56251762494011,,regular,
558,COIN,384.50,14960961,2025-07-11T19:37:30Z,False,214551.00,,384.50,384.93,,L,10,130,56250500416179,,regular,
750,COIN,384.7601,14953078,2025-07-11T19:36:46Z,False,288570.0750,,384.79,385,,L,260,22,56206979077122,,regular,
1000,COIN,384.9499,14952133,2025-07-11T19:36:42Z,False,384949.9000,,384.75,385,,L,260,179,56202338726953,,regular,
499,COIN,384.94,14950687,2025-07-11T19:36:39Z,False,192085.06,,384.74,385,,L,260,4,56199321641242,,regular,
300,COIN,384.5532,14948249,2025-07-11T19:36:34Z,False,115365.9600,,384.50,384.73,,L,35,20,56194542582753,,regular,
500,COIN,384.50,14947948,2025-07-11T19:36:34Z,False,192250.00,,384.50,384.73,,L,35,20,56194389895883,,regular,
500,COIN,384.525,14947208,2025-07-11T19:36:33Z,False,192262.500,,384.50,384.71,,L,100,20,56193788644997,,regular,
1199,COIN,384,14933131,2025-07-11T19:35:37Z,False,460416,,383.94,384.04,,L,64,4,56137620919573,,regular,
581,COIN,384,14933712,2025-07-11T19:35:37Z,False,223104,,383.94,384.04,,L,64,4,56137620943583,,regular,
300,COIN,384.01,14923926,2025-07-11T19:35:37Z,False,115203.00,,384.08,384.40,,L,18,8,56137608649948,,regular,
300,COIN,384.1355,14921842,2025-07-11T19:35:37Z,False,115240.6500,average_price_trade,384.20,384.41,,L,29,3,56137130111227,derivative_priced,regular,
640,COIN,384.24,14920587,2025-07-11T19:35:32Z,False,245913.60,,384,384.33,,L,129,105,56132161503634,,regular,
400,COIN,384.165,14918940,2025-07-11T19:35:32Z,False,153666.000,,384,384.33,,L,129,105,56132152521917,,regular,
800,COIN,384.44,14913810,2025-07-11T19:34:54Z,False,307552.00,,384.23,384.36,,L,204,1,56094499039351,,regular,
300,COIN,384.12,14910916,2025-07-11T19:34:42Z,False,115236.00,,384,384.30,,L,145,3,56082082672508,,regular,
300,COIN,384.055,14908114,2025-07-11T19:34:35Z,False,115216.500,,384,384.30,,L,245,1,56075732938224,,regular,
300,COIN,384.055,14907812,2025-07-11T19:34:34Z,False,115216.500,,384,384.30,,L,245,1,56074255004770,,regular,
650,COIN,384.055,14906493,2025-07-11T19:34:22Z,False,249635.750,,383.95,384.15,,L,10,22,56062006526104,,regular,
400,COIN,383.955,14905588,2025-07-11T19:34:20Z,False,153582.000,,383.90,384.15,,L,10,85,56060040337689,,regular,
800,COIN,383.75,14905143,2025-07-11T19:34:19Z,False,307000.00,,383.90,384.15,,L,109,85,56059943218789,,regular,
300,COIN,384.225,14896940,2025-07-11T19:33:39Z,False,115267.500,,384.05,384.40,,L,100,15,56019707887563,,regular,
300,COIN,384.10,14896594,2025-07-11T19:33:37Z,False,115230.00,,384,384.69,,L,34,49,56017940106642,,regular,
300,COIN,384.25,14892636,2025-07-11T19:33:35Z,False,115275.00,,384.19,384.29,,L,100,20,56015923179105,,regular,
300,COIN,384.7448,14890566,2025-07-11T19:33:30Z,False,115423.4400,,384.35,384.63,,L,5,35,56010956704441,,regular,
300,COIN,384.63,14889963,2025-07-11T19:33:28Z,False,115389.00,,384.26,384.63,,L,69,9,56008966474529,,regular,
300,COIN,384.5628,14886160,2025-07-11T19:33:13Z,False,115368.8400,,384.43,384.73,,L,35,1,55993423079138,,regular,
300,COIN,384.55,14885261,2025-07-11T19:33:06Z,False,115365.00,,384.39,384.73,,L,35,21,55986490619324,,regular,
500,COIN,384.55,14884873,2025-07-11T19:33:04Z,False,192275.00,,384.39,384.73,,L,35,21,55984332553009,,regular,
555,COIN,384.6506,14883636,2025-07-11T19:33:02Z,False,213481.0830,,384.39,384.61,,L,20,21,55982151802673,,regular,
500,COIN,384.53,14882854,2025-07-11T19:32:59Z,False,192265.00,,384.39,384.61,,L,6,21,55979737143741,,regular,
592,COIN,384.57,14875530,2025-07-11T19:32:42Z,False,227665.44,,384.51,384.61,,L,6,5,55962639788311,,regular,
300,COIN,383.609,14871803,2025-07-11T19:32:23Z,False,115082.700,average_price_trade,384.21,384.31,,L,1,125,55943274422602,derivative_priced,regular,
350,COIN,383.82,14865959,2025-07-11T19:32:19Z,False,134337.00,,383.82,383.98,,L,100,304,55939121150744,,regular,
555,COIN,383.2761,14861450,2025-07-11T19:31:53Z,False,212718.2355,,383.29,383.55,,L,1,8,55913897681754,,regular,
739,COIN,383.52,14859232,2025-07-11T19:31:46Z,False,283421.28,,383.29,383.57,,2,1,8,55906826323299,,regular,
274,COIN,383.551,14858493,2025-07-11T19:31:46Z,False,105092.974,,383.29,383.57,,L,1,8,55906822357065,,regular,
300,COIN,383.40,14856549,2025-07-11T19:31:43Z,False,115020.00,,383.29,383.58,,L,15,8,55903155043900,,regular,
500,COIN,383.40,14855735,2025-07-11T19:31:42Z,False,191700.00,,383.29,383.58,,L,15,8,55902112220670,,regular,
500,COIN,383.30,14854224,2025-07-11T19:31:37Z,False,191650.00,,383.29,383.58,,L,10,63,55897478686910,,regular,
500,COIN,383.4792,14852475,2025-07-11T19:31:33Z,False,191739.6000,,383.37,383.58,,L,110,100,55893268661849,,regular,
300,COIN,383.84,14843574,2025-07-11T19:31:17Z,False,115152.00,,383.84,383.99,,L,895,22,55877106249555,,regular,
300,COIN,383.8415,14842957,2025-07-11T19:31:14Z,False,115152.4500,,383.84,383.99,,L,895,16,55874784631626,,regular,
300,COIN,383.678,14839138,2025-07-11T19:31:12Z,False,115103.400,,383.71,383.81,,L,900,20,55872022796147,,regular,
500,COIN,384,14838010,2025-07-11T19:31:04Z,False,192000,,383.99,384.20,,2,6,105,55864735516462,,regular,
1100,COIN,384,14837510,2025-07-11T19:31:04Z,False,422400,,383.99,384.20,,L,6,105,55864685460796,,regular,
300,COIN,384.0763,14835325,2025-07-11T19:31:03Z,False,115222.8900,,384.07,384.20,,L,6,18,55863509221937,,regular,
274,COIN,383.83,14830859,2025-07-11T19:30:52Z,False,105169.42,,383.68,384.02,,L,2,22,55852406033324,,regular,
500,COIN,383.7436,14829306,2025-07-11T19:30:46Z,False,191871.8000,,383.68,384.01,,L,1,22,55846367865018,,regular,
500,COIN,383.74,14828775,2025-07-11T19:30:45Z,False,191870.00,,383.68,384.03,,L,66,22,55845979810626,,regular,
298,COIN,383.68,14825055,2025-07-11T19:30:42Z,False,114336.64,,383.68,384.18,,L,2,146,55842100778566,,regular,
300,COIN,383.77,14824432,2025-07-11T19:30:39Z,False,115131.00,,383.68,383.81,,L,16,146,55839403812705,,regular,
1000,COIN,383.90,14821470,2025-07-11T19:30:37Z,False,383900.00,,384.02,384.18,,L,100,4,55837592004587,,regular,
300,COIN,384.0515,14818461,2025-07-11T19:30:31Z,False,115215.4500,,384.02,384.17,,L,16,93,55831950841100,,regular,
700,COIN,384.06,14814641,2025-07-11T19:30:25Z,False,268842.00,,384.03,384.09,,2,500,319,55825110431700,,regular,
500,COIN,384.06,14810991,2025-07-11T19:30:25Z,False,192030.00,,384.03,384.09,,L,500,319,55825101220652,,regular,
581,COIN,384.1736,14809258,2025-07-11T19:30:23Z,False,223204.8616,,384.10,384.20,,L,6,20,55823479040558,,regular,
300,COIN,384.10,14807700,2025-07-11T19:30:21Z,False,115230.00,,384.09,384.20,,2,5,400,55821286787742,,regular,
400,COIN,384.07,14807017,2025-07-11T19:30:20Z,False,153628.00,,384.03,384.20,,2,5,19,55820365648660,,regular,
500,COIN,384.04,14805107,2025-07-11T19:30:16Z,False,192020.00,,384.03,384.11,,L,1,100,55816800757461,,regular,
300,COIN,384.099,14804607,2025-07-11T19:30:16Z,False,115229.700,,384.03,384.11,,L,1,100,55816733776728,,regular,
300,COIN,384.03,14804307,2025-07-11T19:30:16Z,False,115209.00,,384.03,384.11,,L,1,100,55816692681765,,regular,
400,COIN,384.045,14804005,2025-07-11T19:30:15Z,False,153618.000,,383.92,384.11,,2,2,19,55815937408423,,regular,
750,COIN,384.005,14798842,2025-07-11T19:30:13Z,False,288003.750,,383.92,384.05,,L,30,20,55813165243999,,regular,
400,COIN,383.9368,14797968,2025-07-11T19:30:12Z,False,153574.7200,,383.92,384.05,,L,30,20,55812079102579,,regular,
400,COIN,383.91,14797463,2025-07-11T19:30:11Z,False,153564.00,,383.92,384.05,,L,30,20,55811341155581,,regular,
400,COIN,383.91,14795359,2025-07-11T19:30:05Z,False,153564.00,,383.93,384.11,,2,251,18,55805464364500,,regular,
500,COIN,384.06,14794714,2025-07-11T19:30:04Z,False,192030.00,,383.93,384.11,,L,151,18,55804532110120,,regular,
300,COIN,384,14791404,2025-07-11T19:30:01Z,False,115200,,384,384.12,,L,30,132,55801964985280,,regular,
300,COIN,384.11,14786456,2025-07-11T19:30:00Z,False,115233.00,,384.16,384.36,,L,100,139,55800316784226,,regular,
1500,COIN,384.50,14784703,2025-07-11T19:29:58Z,False,576750.00,,384.33,384.47,,L,27,113,55798954231399,,regular,
500,COIN,384.38,14781529,2025-07-11T19:29:57Z,False,192190.00,,384.38,384.60,,L,502,1,55797609599492,,regular,
500,COIN,384.38,14780646,2025-07-11T19:29:53Z,False,192190.00,,384.38,384.60,,L,501,6,55793775276289,,regular,
500,COIN,384.39,14778755,2025-07-11T19:29:46Z,False,192195.00,,384.44,384.60,,2,637,15,55786841546746,,regular,
280,COIN,384.40,14778032,2025-07-11T19:29:45Z,False,107632.00,,384.38,384.60,,L,736,58,55785570177275,,regular,
406,COIN,384.38,14777752,2025-07-11T19:29:45Z,False,156058.28,,384.38,384.60,,2,736,58,55785466779251,,regular,
500,COIN,384.6455,14775549,2025-07-11T19:29:39Z,False,192322.7500,,384.65,384.86,,L,36,2,55779341428397,,regular,
500,COIN,384.61,14775049,2025-07-11T19:29:37Z,False,192305.00,,384.65,384.87,,L,211,2,55777817164829,,regular,
435,COIN,384.65,14774402,2025-07-11T19:29:31Z,False,167322.75,,384.65,384.95,,L,164,2,55771584791116,,regular,
400,COIN,384.61,14773924,2025-07-11T19:29:30Z,False,153844.00,,384.65,384.95,,2,164,2,55770793048560,,regular,
500,COIN,385,14771760,2025-07-11T19:29:26Z,False,192500,,384.88,385.15,,L,46,1,55766077679997,,regular,
400,COIN,384.935,14769398,2025-07-11T19:29:19Z,False,153974.000,,384.82,385.09,,L,110,98,55759035057584,,regular,
400,COIN,384.565,14765482,2025-07-11T19:29:14Z,False,153826.000,,384.50,384.68,,2,428,15,55754106462149,,regular,
469,COIN,384.67,14764682,2025-07-11T19:29:10Z,False,180410.23,,384.49,384.68,,L,428,21,55750795895231,,regular,
300,COIN,384.565,14764182,2025-07-11T19:29:10Z,False,115369.500,,384.49,384.68,,2,428,21,55750537901356,,regular,
300,COIN,384.56,14759685,2025-07-11T19:29:05Z,False,115368.00,,384.55,384.68,,2,428,115,55745130462876,,regular,
1212,COIN,384.6801,14757089,2025-07-11T19:29:00Z,False,466232.2812,,384.68,384.94,,L,133,311,55740752468351,,regular,
800,COIN,384.7101,14754027,2025-07-11T19:28:55Z,False,307768.0800,,384.76,384.90,,L,100,1,55735695412416,,regular,
500,COIN,384.845,14752812,2025-07-11T19:28:54Z,False,192422.500,,384.79,384.93,,L,100,70,55734308780434,,regular,
1000,COIN,384.84,14751663,2025-07-11T19:28:50Z,False,384840.00,,384.89,385.10,,L,21,10,55730753919680,,regular,
500,COIN,385.10,14747127,2025-07-11T19:28:26Z,False,192550.00,,385.06,385.23,,L,81,33,55706890740279,,regular,
300,COIN,385.195,14743164,2025-07-11T19:28:20Z,False,115558.500,,385.15,385.39,,L,40,8,55700730942008,,regular,
500,COIN,385.195,14742864,2025-07-11T19:28:20Z,False,192597.500,,385.15,385.39,,L,40,8,55700721277676,,regular,
350,COIN,385.275,14737264,2025-07-11T19:27:53Z,False,134846.250,,385.09,385.47,,L,159,153,55673784330327,,regular,
500,COIN,385.10,14732726,2025-07-11T19:27:41Z,False,192550.00,,385.01,385.20,,L,407,194,55661718501303,,regular,
355,COIN,385.105,14731071,2025-07-11T19:27:38Z,False,136712.275,,385.01,385.20,,L,10,177,55658792303365,,regular,
300,COIN,384.93,14729343,2025-07-11T19:27:36Z,False,115479.00,,384.93,385.10,,L,8,22,55656998448425,,regular,
300,COIN,384.93,14728302,2025-07-11T19:27:34Z,False,115479.00,,384.93,385.03,,L,63,22,55654508885799,,regular,
500,COIN,385.15,14726951,2025-07-11T19:27:32Z,False,192575.00,contingent_trade,384.97,385.10,,L,8,16,55652748366556,qualified_contingent_trade,regular,
400,COIN,385.12,14725721,2025-07-11T19:27:28Z,False,154048.00,,384.96,385.10,,L,8,221,55648098145828,,regular,
400,COIN,385.1032,14723510,2025-07-11T19:27:17Z,False,154041.2800,,384.95,385.10,,L,8,84,55637973403469,,regular,
300,COIN,385.1032,14723042,2025-07-11T19:27:13Z,False,115530.9600,,384.95,385.10,,L,8,84,55633848809042,,regular,
500,COIN,385.1236,14722307,2025-07-11T19:27:06Z,False,192561.8000,,384.94,385.24,,L,40,148,55626153772084,,regular,
400,COIN,385.069,14721313,2025-07-11T19:27:03Z,False,154027.600,,384.92,385.26,,L,72,1,55623501309741,,regular,
500,COIN,385.075,14720913,2025-07-11T19:27:03Z,False,192537.500,,384.92,385.26,,L,72,1,55623490968862,,regular,
596,COIN,384.95,14715043,2025-07-11T19:26:38Z,False,229430.20,,384.89,385.27,,L,10,20,55598962925365,,regular,
350,COIN,385.04,14714114,2025-07-11T19:26:35Z,False,134764.00,,384.89,385.27,,L,10,20,55595981595313,,regular,
750,COIN,385.575,14709877,2025-07-11T19:26:01Z,False,289181.250,,385.11,385.40,,L,1,21,55561921349626,,regular,
500,COIN,385.40,14704585,2025-07-11T19:25:39Z,False,192700.00,,385.29,385.59,,L,100,15,55539975519760,,regular,
500,COIN,385.33,14701010,2025-07-11T19:25:13Z,False,192665.00,,385.33,385.60,,L,6,208,55513247988135,,regular,
300,COIN,385.445,14699100,2025-07-11T19:24:56Z,False,115633.500,,385.32,385.60,,L,1,19,55496294463930,,regular,
300,COIN,385.3362,14698007,2025-07-11T19:24:46Z,False,115600.8600,,385.20,385.60,,L,1,35,55486427529825,,regular,
1000,COIN,385.2466,14696914,2025-07-11T19:24:45Z,False,385246.6000,,385.20,385.60,,L,1,35,55485686749489,,regular,
300,COIN,385.39,14695485,2025-07-11T19:24:40Z,False,115617.00,,385.11,385.59,,L,20,8,55480555422892,,regular,
400,COIN,385.50,14688363,2025-07-11T19:23:51Z,False,154200.00,,385.44,385.59,,L,10,340,55431280649927,,regular,
1000,COIN,385.6999,14687019,2025-07-11T19:23:43Z,False,385699.9000,,385.45,385.59,,L,10,44,55423545650196,,regular,
500,COIN,385.50,14685853,2025-07-11T19:23:34Z,False,192750.00,,385.38,385.69,,L,10,146,55414871026228,,regular,
2500,COIN,385.445,14680497,2025-07-11T19:23:11Z,False,963612.500,,385.29,385.59,,L,35,382,55391171805760,,regular,
425,COIN,385.48,14677939,2025-07-11T19:23:08Z,False,163829.00,,385.38,385.57,,L,100,2,55388128710688,,regular,
300,COIN,384.87,14665542,2025-07-11T19:22:26Z,False,115461.00,,384.92,385.24,,L,10,65,55346682871559,,regular,
2450,COIN,384.7801,14660484,2025-07-11T19:22:20Z,False,942711.2450,,385.15,385.42,,L,6,40,55340135125035,intermarket_sweep,regular,
400,COIN,385.0801,14657884,2025-07-11T19:22:20Z,False,154032.0400,,385.15,385.42,,L,6,40,55340134862300,,regular,
300,COIN,385.32,14654896,2025-07-11T19:22:11Z,False,115596.00,,385.15,385.56,,L,1,40,55331795835707,,regular,
300,COIN,385.22,14653159,2025-07-11T19:22:03Z,False,115566.00,,385.08,385.59,,L,34,10,55323704833260,,regular,
275,COIN,385.495,14651093,2025-07-11T19:22:00Z,False,106011.125,,385.44,385.64,,L,10,13,55320426952028,,regular,
400,COIN,385.385,14648251,2025-07-11T19:21:43Z,False,154154.000,,385.28,385.55,,L,104,7,55303068800836,,regular,
500,COIN,385.57,14647381,2025-07-11T19:21:42Z,False,192785.00,,385.28,385.55,,L,104,7,55302105336987,intermarket_sweep,regular,
800,COIN,385.4535,14643499,2025-07-11T19:21:41Z,False,308362.8000,,385.39,385.75,,L,5,65,55301891705244,,regular,
300,COIN,385.615,14642546,2025-07-11T19:21:39Z,False,115684.500,,385.39,385.75,,L,5,65,55299760047131,,regular,
500,COIN,385.6056,14641665,2025-07-11T19:21:34Z,False,192802.8000,,385.39,385.83,,L,10,65,55294486284052,,regular,
350,COIN,385.38,14640612,2025-07-11T19:21:32Z,False,134883.00,,385.50,385.75,,L,34,1,55292508625998,,regular,
500,COIN,385.885,14636530,2025-07-11T19:21:11Z,False,192942.500,,385.79,386,,L,300,3,55271027845468,,regular,
300,COIN,385.9764,14634245,2025-07-11T19:21:04Z,False,115792.9200,,385.89,386.20,,L,118,15,55264039238317,,regular,
300,COIN,386.33,14629220,2025-07-11T19:20:53Z,False,115899.00,,386.09,386.56,,L,10,323,55253119757797,,regular,
2000,COIN,386.0901,14628720,2025-07-11T19:20:52Z,False,772180.2000,,386.09,386.56,,L,10,323,55252525567096,,regular,
1000,COIN,386.285,14626249,2025-07-11T19:20:50Z,False,386285.000,,386.19,386.57,,L,100,20,55250731813140,,regular,
500,COIN,386.285,14623599,2025-07-11T19:20:50Z,False,193142.500,,386.19,386.57,,L,100,20,55250066363710,,regular,
500,COIN,386.285,14622721,2025-07-11T19:20:49Z,False,193142.500,,386.19,386.57,,L,100,20,55249916897883,,regular,
300,COIN,386.19,14622197,2025-07-11T19:20:48Z,False,115857.00,,386.19,386.57,,L,100,20,55248996790038,,regular,
500,COIN,386.285,14620855,2025-07-11T19:20:40Z,False,193142.500,,386.13,386.57,,L,100,20,55240696695057,,regular,
300,COIN,386,14620004,2025-07-11T19:20:40Z,False,115800,,386.13,386.57,,L,100,20,55240570231663,,regular,
350,COIN,386,14620354,2025-07-11T19:20:40Z,False,135100,,386.13,386.57,,L,100,20,55240570844469,,regular,
306,COIN,386.3371,14615069,2025-07-11T19:20:19Z,False,118219.1526,,386.56,387,,L,161,60,55219066161975,,regular,
300,COIN,386.865,14610959,2025-07-11T19:20:00Z,False,116059.500,,386.63,387.08,,L,10,13,55200950972660,,regular,
500,COIN,386.56,14609342,2025-07-11T19:19:54Z,False,193280.00,,386.77,387.06,,L,10,12,55194369762080,,regular,
300,COIN,387.1003,14600634,2025-07-11T19:19:34Z,False,116130.0900,average_price_trade,387.01,387.25,,L,1,9,55174107903688,derivative_priced,regular,
800,COIN,387.2699,14596732,2025-07-11T19:19:15Z,False,309815.9200,,387.01,387.20,,L,3,20,55155802753675,,regular,
280,COIN,387.01,14594409,2025-07-11T19:19:04Z,False,108362.80,,387.01,387.20,,L,3,10,55144267167738,,regular,
300,COIN,387.1999,14589914,2025-07-11T19:18:50Z,False,116159.9700,,387.07,387.20,,L,100,58,55130428672357,,regular,
1000,COIN,387.1456,14585845,2025-07-11T19:18:44Z,False,387145.6000,,387,387.15,,L,50,6,55124956681251,,regular,
378,COIN,387,14584745,2025-07-11T19:18:44Z,False,146286,,386.98,387.15,,L,50,20,55124233451580,,regular,
300,COIN,387.10,14584367,2025-07-11T19:18:44Z,False,116130.00,,386.98,387.15,,L,50,20,55124225106664,,regular,
300,COIN,387.085,14583263,2025-07-11T19:18:37Z,False,116125.500,,387.01,387.18,,L,50,10,55117257430797,,regular,
400,COIN,387.0608,14581169,2025-07-11T19:18:31Z,False,154824.3200,,387.03,387.20,,L,100,19,55111470853672,,regular,
300,COIN,387.055,14579786,2025-07-11T19:18:28Z,False,116116.500,,387.03,387.20,,L,100,19,55108894946797,,regular,
350,COIN,386.8347,14576790,2025-07-11T19:18:22Z,False,135392.1450,,386.71,386.91,,L,101,1,55102140294638,,regular,
800,COIN,386.7699,14575703,2025-07-11T19:18:20Z,False,309415.9200,,386.65,386.77,,L,416,65,55100145601019,,regular,
1000,COIN,386.70,14568556,2025-07-11T19:18:00Z,False,386700.00,,386.54,386.75,,L,100,21,55080779594296,,regular,
300,COIN,386.4728,14567353,2025-07-11T19:17:59Z,False,115941.8400,,386.54,386.75,,L,100,21,55079152161134,,regular,
555,COIN,386.6157,14564118,2025-07-11T19:17:53Z,False,214571.7135,,386.56,386.64,,L,54,1,55073317389502,,regular,
300,COIN,386.20,14559494,2025-07-11T19:17:35Z,False,115860.00,contingent_trade,386.16,386.47,,L,45,15,55055676660926,qualified_contingent_trade,regular,
458,COIN,386.47,14553447,2025-07-11T19:17:12Z,False,177003.26,,386.47,386.60,,L,1,189,55032157812571,,regular,
400,COIN,386.344,14548079,2025-07-11T19:16:57Z,False,154537.600,,386.37,386.47,,L,32,8,55017695747507,,regular,
800,COIN,386.22,14535298,2025-07-11T19:16:47Z,False,308976.00,,386.01,386.22,,L,100,23,55007019081028,,regular,
500,COIN,386,14509861,2025-07-11T19:15:56Z,False,193000,,386.02,386.17,,L,200,17,54956215554056,,regular,
405,COIN,386.1442,14507208,2025-07-11T19:15:41Z,False,156388.4010,,385.90,386.17,,L,100,22,54941993880989,,regular,
428,COIN,386,14506674,2025-07-11T19:15:37Z,False,165208,,385.83,386.17,,L,274,130,54937940918728,,regular,
1200,COIN,385.9299,14492912,2025-07-11T19:15:12Z,False,463115.8800,,385.77,385.90,,L,12,20,54912730046830,,regular,
364,COIN,385.93,14490840,2025-07-11T19:15:10Z,False,140478.52,,385.77,385.90,,L,12,20,54910568409460,,regular,
550,COIN,385.70,14484085,2025-07-11T19:14:54Z,False,212135.00,,385.75,385.80,,L,2,17,54894003746531,,regular,
300,COIN,385.81,14479748,2025-07-11T19:14:22Z,False,115743.00,,385.75,385.93,,L,200,14,54862860827429,,regular,
300,COIN,385.7716,14477702,2025-07-11T19:14:12Z,False,115731.4800,,385.80,385.93,,L,208,17,54852216792930,,regular,
489,COIN,385.83,14473210,2025-07-11T19:13:49Z,False,188670.87,,385.65,385.88,,L,100,2,54829641967970,,regular,
500,COIN,385.63,14466673,2025-07-11T19:13:26Z,False,192815.00,,385.48,385.60,,L,60,215,54806372031166,,regular,
268,COIN,385.555,14463783,2025-07-11T19:13:15Z,False,103328.740,,385.42,385.63,,L,5,8,54795417114802,,regular,
300,COIN,385.555,14463308,2025-07-11T19:13:09Z,False,115666.500,,385.42,385.63,,L,5,8,54789559748181,,regular,
300,COIN,385.42,14462250,2025-07-11T19:13:06Z,False,115626.00,,385.42,385.74,,L,100,8,54786626170538,,regular,
300,COIN,385.61,14460984,2025-07-11T19:12:58Z,False,115683.00,,385.37,385.85,,L,100,10,54778036737019,,regular,
300,COIN,385.66,14457057,2025-07-11T19:12:54Z,False,115698.00,,385.31,385.58,,L,100,10,54774369898918,,regular,
1494,COIN,384.96,14447214,2025-07-11T19:12:50Z,False,575130.24,,384.96,385.40,,L,160,10,54770635672780,,regular,
300,COIN,384.995,14444483,2025-07-11T19:12:42Z,False,115498.500,,384.85,385.11,,L,2,12,54762950990353,,regular,
400,COIN,384.6891,14440312,2025-07-11T19:12:30Z,False,153875.6400,average_price_trade,385.10,385.40,,L,151,26,54750896174170,derivative_priced,regular,
300,COIN,385.2388,14439882,2025-07-11T19:12:29Z,False,115571.6400,,385.10,385.40,,L,150,26,54749208875181,,regular,
300,COIN,385.2388,14439154,2025-07-11T19:12:24Z,False,115571.6400,,385.10,385.40,,L,150,26,54744985570045,,regular,
1059,COIN,385.3633,14438088,2025-07-11T19:12:22Z,False,408099.7347,,385.10,385.45,,L,27,26,54742709614701,,regular,
1400,COIN,385.27,14436151,2025-07-11T19:12:19Z,False,539378.00,,385.09,385.45,,L,27,1,54739121997764,,regular,
400,COIN,384.44,14416123,2025-07-11T19:11:49Z,False,153776.00,,384.39,384.70,,L,202,156,54709977040210,,regular,
500,COIN,384.545,14415717,2025-07-11T19:11:48Z,False,192272.500,,384.39,384.70,,L,202,156,54708465681700,,regular,
400,COIN,384.545,14414974,2025-07-11T19:11:48Z,False,153818.000,,384.39,384.70,,L,202,156,54708460130831,,regular,
400,COIN,384.41,14413361,2025-07-11T19:11:45Z,False,153764.00,,384.39,384.70,,L,2,100,54705434634585,,regular,
300,COIN,384.5218,14412350,2025-07-11T19:11:43Z,False,115356.5400,,384.38,384.70,,L,1,10,54703096459681,,regular,
400,COIN,384.535,14411943,2025-07-11T19:11:42Z,False,153814.000,,384.38,384.70,,L,1,10,54702282444206,,regular,
400,COIN,384.38,14409570,2025-07-11T19:11:35Z,False,153752.00,,384.37,384.70,,L,1,13,54695556657539,,regular,
300,COIN,384.56,14409034,2025-07-11T19:11:31Z,False,115368.00,,384.30,384.70,,L,1,30,54691324535631,,regular,
400,COIN,384.41,14405358,2025-07-11T19:11:04Z,False,153764.00,,384.29,384.75,,L,100,211,54664821850096,,regular,
330,COIN,384.30,14402663,2025-07-11T19:10:56Z,False,126819.00,,384.30,384.62,,L,9,105,54656277918000,,regular,
400,COIN,384.45,14401449,2025-07-11T19:10:51Z,False,153780.00,,384.29,384.62,,L,9,103,54651267316481,,regular,
580,COIN,384.2901,14400956,2025-07-11T19:10:45Z,False,222888.2580,,384.29,384.62,,L,9,103,54645710175820,,regular,
2500,COIN,384.8699,14400203,2025-07-11T19:10:45Z,False,962174.7500,,384.29,384.62,,L,9,111,54645353291540,,regular,
669,COIN,384.7184,14396909,2025-07-11T19:10:42Z,False,257376.6096,,384.29,384.62,,L,9,101,54642177931152,,regular,
400,COIN,384.32,14395838,2025-07-11T19:10:41Z,False,153728.00,,384.29,384.62,,L,9,101,54641020472381,,regular,
300,COIN,384.40,14395127,2025-07-11T19:10:35Z,False,115320.00,,384.38,384.78,,L,18,5,54635888193311,,regular,
370,COIN,384.8666,14390847,2025-07-11T19:10:29Z,False,142400.6420,,384.72,385,,L,209,10,54629593543947,,regular,
400,COIN,384.81,14390365,2025-07-11T19:10:27Z,False,153924.00,,384.72,385,,L,209,10,54627994683195,,regular,
300,COIN,384.855,14388118,2025-07-11T19:10:22Z,False,115456.500,,384.72,385,,L,209,12,54622718108435,,regular,
300,COIN,384.71,14384329,2025-07-11T19:10:21Z,False,115413.00,,384.71,385,,L,200,104,54621617964967,,regular,
1200,COIN,384.98,14379134,2025-07-11T19:10:00Z,False,461976.00,,384.78,385.21,,L,1242,10,54600729529044,,regular,
1200,COIN,385.21,14377534,2025-07-11T19:10:00Z,False,462252.00,,384.77,385.20,,L,10,10,54600566642974,,regular,
500,COIN,385.005,14371753,2025-07-11T19:09:50Z,False,192502.500,,384.99,385.07,,L,17,5,54590013877100,,regular,
300,COIN,385.445,14361704,2025-07-11T19:09:45Z,False,115633.500,,385.45,385.59,,L,10,40,54585514414414,,regular,
500,COIN,385.53,14355542,2025-07-11T19:09:41Z,False,192765.00,,385.41,385.58,,L,1,265,54581583096741,,regular,
500,COIN,385.53,14354782,2025-07-11T19:09:41Z,False,192765.00,,385.41,385.58,,L,1,265,54581576498904,,regular,
500,COIN,385.302,14351759,2025-07-11T19:09:32Z,False,192651.000,,385.30,385.47,,L,9,634,54572589420070,,regular,
450,COIN,385.30,14349770,2025-07-11T19:09:24Z,False,173385.00,,385.30,385.50,,L,10,634,54564362419604,,regular,
553,COIN,385.4333,14349317,2025-07-11T19:09:23Z,False,213144.6149,,385.30,385.50,,L,10,634,54563574539035,,regular,
500,COIN,385.305,14343309,2025-07-11T19:09:12Z,False,192652.500,,385.20,385.41,,L,100,316,54552641755735,,regular,
300,COIN,385.27,14340718,2025-07-11T19:08:54Z,False,115581.00,,385.11,385.33,,L,74,7,54534582794447,,regular,
400,COIN,384.8042,14339473,2025-07-11T19:08:47Z,False,153921.6800,average_price_trade,385.01,385.33,,L,74,15,54527461687890,derivative_priced,regular,
300,COIN,385.2345,14338787,2025-07-11T19:08:45Z,False,115570.3500,,385.01,385.33,,L,74,15,54525158754718,,regular,
300,COIN,384.9768,14332682,2025-07-11T19:08:26Z,False,115493.0400,,384.78,385.19,,L,100,100,54506962231569,,regular,
500,COIN,384.76,14324666,2025-07-11T19:07:40Z,False,192380.00,,384.58,384.92,,L,10,21,54460817121542,,regular,
483,COIN,384.83,14321795,2025-07-11T19:07:32Z,False,185872.89,,384.59,385.19,,L,110,10,54452491352995,,regular,
299,COIN,384.77,14315463,2025-07-11T19:07:23Z,False,115046.23,,384.20,384.59,,L,10,29,54443898760190,,regular,
350,COIN,384.43,14314914,2025-07-11T19:07:23Z,False,134550.50,,384.20,384.59,,L,10,29,54443864546620,,regular,
300,COIN,384.1399,14310375,2025-07-11T19:07:06Z,False,115241.9700,,383.80,384.14,,L,14,10,54426416545258,,regular,
300,COIN,383.96,14308256,2025-07-11T19:06:59Z,False,115188.00,,383.77,384.09,,L,9,5,54419431922229,,regular,
300,COIN,383.9316,14306716,2025-07-11T19:06:45Z,False,115179.4800,,383.77,384.09,,L,16,5,54405158393038,,regular,
355,COIN,384.115,14304101,2025-07-11T19:06:40Z,False,136360.825,,383.93,384.26,,L,30,23,54400335885258,,regular,
350,COIN,384.20,14303743,2025-07-11T19:06:39Z,False,134470.00,,383.93,384.26,,L,30,23,54399522370508,,regular,
555,COIN,383.9441,14302613,2025-07-11T19:06:35Z,False,213088.9755,,383.93,384.26,,L,30,23,54395732017970,,regular,
472,COIN,384.03,14301344,2025-07-11T19:06:29Z,False,181262.16,,384.03,384.26,,L,40,60,54389475867403,,regular,
300,COIN,384.185,14299504,2025-07-11T19:06:26Z,False,115255.500,,384.03,384.37,,L,100,60,54386090312701,,regular,
350,COIN,384.215,14297892,2025-07-11T19:06:11Z,False,134475.250,,384,384.13,,L,11,150,54371953814304,,regular,
499,COIN,384.21,14295607,2025-07-11T19:06:03Z,False,191720.79,,384.19,384.34,,L,72,18,54363862458712,,regular,
500,COIN,384.005,14292548,2025-07-11T19:05:49Z,False,192002.500,,383.93,384.18,,L,120,23,54349514521929,,regular,
300,COIN,384.012,14292036,2025-07-11T19:05:48Z,False,115203.600,,383.93,384.18,,L,120,23,54348343568663,,regular,
271,COIN,384,14290064,2025-07-11T19:05:38Z,False,104064,,383.87,383.99,,L,68,55,54338191967074,,regular,
395,COIN,383.8384,14284829,2025-07-11T19:05:35Z,False,151616.1680,,383.61,383.88,,L,110,100,54335196658136,,regular,
400,COIN,383.682,14283908,2025-07-11T19:05:33Z,False,153472.800,,383.70,383.88,,L,100,1,54333679407511,,regular,
500,COIN,383.80,14282545,2025-07-11T19:05:25Z,False,191900.00,,383.75,384,,L,113,101,54325538091492,,regular,
500,COIN,383.97,14278782,2025-07-11T19:05:05Z,False,191985.00,,383.75,384.10,,L,43,106,54305868250098,,regular,
363,COIN,383.8685,14273758,2025-07-11T19:04:58Z,False,139344.2655,,383.90,384.03,,L,36,62,54298635902712,,regular,
300,COIN,383.90,14273058,2025-07-11T19:04:55Z,False,115170.00,,383.91,384.10,,2,43,5,54295894794659,,regular,
500,COIN,384,14271956,2025-07-11T19:04:53Z,False,192000,,383.85,384.20,,L,10,47,54293972934533,,regular,
300,COIN,383.86,14268174,2025-07-11T19:04:52Z,False,115158.00,,383.91,384.20,,L,66,37,54292505399089,,regular,
296,COIN,383.8945,14267874,2025-07-11T19:04:52Z,False,113632.7720,,383.91,384.20,,L,66,37,54292187984988,,regular,
400,COIN,384,14255948,2025-07-11T19:04:35Z,False,153600,,383.90,384.04,,L,500,108,54275917090865,,regular,
300,COIN,384.20,14247030,2025-07-11T19:04:32Z,False,115260.00,,384.04,384.20,,L,101,226,54272222613390,,regular,
500,COIN,384.27,14245155,2025-07-11T19:04:21Z,False,192135.00,,384.04,384.36,,L,14,128,54261497330095,,regular,
350,COIN,384.36,14243190,2025-07-11T19:04:12Z,False,134526.00,,384.04,384.38,,L,21,28,54252504019911,,regular,
576,COIN,384.20,14242695,2025-07-11T19:04:12Z,False,221299.20,,384.04,384.38,,L,21,28,54252118914136,,regular,
505,COIN,384.4612,14241751,2025-07-11T19:04:10Z,False,194152.9060,,384.04,384.49,,L,10,17,54250153734691,,regular,
500,COIN,384.3176,14238096,2025-07-11T19:04:05Z,False,192158.8000,,384.20,384.55,,L,210,600,54245956781245,,regular,
1000,COIN,384.21,14236504,2025-07-11T19:04:03Z,False,384210.00,,384.44,384.76,,L,10,15,54243943044317,,regular,
500,COIN,384.8256,14232103,2025-07-11T19:03:52Z,False,192412.8000,,384.66,385.03,,L,34,21,54232933423105,,regular,
351,COIN,384.60,14227556,2025-07-11T19:03:34Z,False,134994.60,,384.69,385.08,,L,110,30,54214961850154,,regular,
300,COIN,384.60,14227205,2025-07-11T19:03:34Z,False,115380.00,,384.69,385.08,,L,110,30,54214950396349,,regular,
500,COIN,384.712,14226805,2025-07-11T19:03:34Z,False,192356.000,,384.69,385.08,,L,110,30,54214941882573,,regular,
305,COIN,385.017,14222145,2025-07-11T19:03:27Z,False,117430.185,,385,385.23,,L,10,10,54207074750041,,regular,
300,COIN,384.82,14221190,2025-07-11T19:03:23Z,False,115446.00,,384.80,385.23,,2,10,220,54203666964383,,regular,
300,COIN,385.0612,14219874,2025-07-11T19:03:19Z,False,115518.3600,,385.04,385.23,,L,10,23,54199549504244,,regular,
400,COIN,385.3445,14219454,2025-07-11T19:03:18Z,False,154137.8000,,384.98,385.23,,L,10,13,54198710389623,,regular,
400,COIN,385.04,14214090,2025-07-11T19:03:07Z,False,154016.00,,384.80,385.23,,L,20,120,54187818905150,,regular,
350,COIN,385.35,14212010,2025-07-11T19:02:55Z,False,134872.50,,385.09,385.35,,L,140,1,54175508609127,,regular,
400,COIN,385.19,14211651,2025-07-11T19:02:54Z,False,154076.00,,385.09,385.35,,L,140,1,54174947261983,,regular,
363,COIN,385.23,14210077,2025-07-11T19:02:50Z,False,139838.49,,385.06,385.23,,L,100,10,54170862662487,,regular,
365,COIN,384.90,14206615,2025-07-11T19:02:46Z,False,140488.50,,384.90,385.08,,L,12,10,54166231943577,,regular,
985,COIN,384.90,14205065,2025-07-11T19:02:46Z,False,379126.50,,384.90,385.08,,L,12,10,54166226844086,,regular,
400,COIN,385.0001,14201591,2025-07-11T19:02:46Z,False,154000.0400,,384.90,385.08,,L,12,10,54166224489907,,regular,
300,COIN,385.0401,14194176,2025-07-11T19:02:46Z,False,115512.0300,,384.90,385.08,,L,12,10,54166216463667,,regular,
900,COIN,385,14195176,2025-07-11T19:02:46Z,False,346500,,384.90,385.08,,L,12,10,54166216617374,intermarket_sweep,regular,
