size,ticker,price,volume,executed_at,canceled,premium,sale_cond_codes,nbbo_ask,nbbo_bid,ext_hour_sold_codes,market_center,nbbo_ask_quantity,nbbo_bid_quantity,tracking_id,trade_code,trade_settlement,trf_executed_at
1869,ENPH,54.13,7302813,2025-04-09T20:00:00Z,False,101168.97,,54.16,54.08,extended_hours_trade,L,20,2,57600584986692,,,
2400,ENPH,54.48,6769621,2025-04-09T19:51:41Z,False,130752.00,,54.50,54.46,,L,184,99,57101580349470,,,
3300,ENPH,54.085,6648386,2025-04-09T19:49:34Z,False,178480.500,,54.11,54.07,,L,139,1,56974004740254,,,
1905,ENPH,53.955,6572446,2025-04-09T19:46:01Z,False,102784.275,,53.98,53.93,,L,166,100,56761957802787,,,
6080,ENPH,53.845,6502658,2025-04-09T19:42:24Z,False,327377.600,,53.86,53.80,,L,222,197,56544373575783,,,
1900,ENPH,53.81,6072126,2025-04-09T19:16:12Z,False,102239.00,,53.92,53.88,,L,100,5,54972826990378,,,
2000,ENPH,53.4636,5969662,2025-04-09T19:09:27Z,False,106927.2000,,53.52,53.39,,L,32,200,54567580379658,,,
6080,ENPH,53.005,5902755,2025-04-09T19:01:21Z,False,322270.400,,53.10,52.91,,L,110,309,54081927845994,,,
11300,ENPH,53.20,5838585,2025-04-09T18:56:18Z,False,601160.00,,53.26,53.16,,L,100,100,53778891999120,,,
213578,ENPH,53.74,5758355,2025-04-09T18:48:15Z,False,11477681.72,,53.86,53.68,,L,100,100,53295263504029,,,
11300,ENPH,53.635,5544677,2025-04-09T18:48:15Z,False,606075.500,,53.86,53.68,,L,100,100,53295223483571,,,
4551,ENPH,53.20,5494910,2025-04-09T18:44:59Z,False,242113.20,,53.53,53.32,,L,6,36,53099582222981,,,
2536,ENPH,53.62,5460733,2025-04-09T18:42:19Z,False,135980.32,,54.07,53.64,,L,4,106,52939383568463,,,
9060,ENPH,54.59,5279417,2025-04-09T18:33:14Z,False,494585.40,,54.79,54.69,,L,300,869,52394706049887,,,
2500,ENPH,54.60,5267397,2025-04-09T18:33:14Z,False,136500.00,,54.79,54.69,,L,300,869,52394692719646,,,
27956,ENPH,54.805,5241348,2025-04-09T18:31:48Z,False,1532128.580,,54.89,54.73,,L,100,42,52308107297017,,,
2500,ENPH,54.9993,5178207,2025-04-09T18:30:17Z,False,137498.2500,,55,54.78,,L,106,336,52217096247585,,,
2250,ENPH,55,5144560,2025-04-09T18:27:36Z,False,123750,,55,54.90,,L,1,200,52056593552942,,,
6310,ENPH,54.60,5099487,2025-04-09T18:24:47Z,False,344526.00,,54.97,54.61,,L,100,100,51887108026966,,,
125334,ENPH,54.75,5070312,2025-04-09T18:24:27Z,False,6862036.50,,54.94,54.85,,L,95,1,51867972869746,,,
23513,ENPH,54.585,4936580,2025-04-09T18:23:27Z,False,1283457.105,,54.65,54.54,,L,68,200,51807628232361,,,
250000,ENPH,54.175,4880992,2025-04-09T18:21:01Z,False,13543750.000,,54.37,54.16,,L,100,100,51661198442259,,,
2952,ENPH,53.8857,4453977,2025-04-09T18:06:24Z,False,159070.5864,,54.10,54,,L,180,5,50784931603540,,,
3000,ENPH,54.4599,4355690,2025-04-09T18:01:21Z,False,163379.7000,,54.46,54.22,,L,100,400,50481880451476,,,
3100,ENPH,53.145,4214659,2025-04-09T17:55:17Z,False,164749.500,,53.25,53.04,,L,405,100,50117900276102,,,
3400,ENPH,53.21,4122952,2025-04-09T17:52:40Z,False,180914.00,,53.19,53.10,,L,40,42,49960308647694,,,
1900,ENPH,53.23,4055934,2025-04-09T17:52:10Z,False,101137.00,,53.17,53.06,,L,185,14,49930002996586,,,
3479,ENPH,53.42,3822852,2025-04-09T17:46:58Z,False,185848.18,,53.45,53.37,,L,93,316,49618566499882,,,
2309,ENPH,53.1625,3771389,2025-04-09T17:46:14Z,False,122752.2125,,53.15,52.99,,L,127,20,49574057874522,,,
2465,ENPH,53,3683456,2025-04-09T17:44:03Z,False,130645,,53.14,53.02,,L,383,100,49443264512697,,,
18798,ENPH,53.10,3669063,2025-04-09T17:43:15Z,False,998173.80,,53.26,53.04,,L,100,51,49395625128371,,,
189617,ENPH,54.50,3589730,2025-04-09T17:38:19Z,False,10334126.50,,54.49,54.36,,L,300,284,49099256513896,intermarket_sweep,,
2207,ENPH,54.53,3397550,2025-04-09T17:37:57Z,False,120347.71,,54.55,54.34,,L,17,100,49077129893378,,,
8300,ENPH,54.58,3363590,2025-04-09T17:36:20Z,False,453014.00,,54.73,54.45,,L,200,17,48980837830817,,,
2000,ENPH,54.70,3347844,2025-04-09T17:36:01Z,False,109400.00,,54.76,54.63,,L,10,100,48961511337037,,,
3309,ENPH,53.99,3275679,2025-04-09T17:32:41Z,False,178652.91,,54.09,53.89,,L,100,207,48761716694956,,,
2000,ENPH,53.7354,3229376,2025-04-09T17:31:05Z,False,107470.8000,,53.59,53.45,,L,1,1,48665796276667,,,
2352,ENPH,53.38,3214795,2025-04-09T17:30:38Z,False,125549.76,,53.46,52.99,,L,368,1,48638033370344,,,
3000,ENPH,53.0576,3200525,2025-04-09T17:30:05Z,False,159172.8000,,53.25,53.05,,L,1,300,48605170892865,,,
2000,ENPH,53.455,3150272,2025-04-09T17:28:52Z,False,106910.000,,53.62,53.38,,L,400,1,48532080140971,,,
2000,ENPH,53.38,3145319,2025-04-09T17:28:38Z,False,106760.00,,53.66,53.38,,L,500,1,48518100819304,,,
4500,ENPH,53.78,3022375,2025-04-09T17:26:35Z,False,242010.00,contingent_trade,53.91,53.78,,L,13,287,48395709942444,qualified_contingent_trade,,
2400,ENPH,53.97,3003868,2025-04-09T17:25:44Z,False,129528.00,,54.01,53.83,,L,156,106,48344385027633,,,
2000,ENPH,53.685,2964640,2025-04-09T17:25:30Z,False,107370.000,,53.67,53.59,,L,1,388,48330239119944,,,
2500,ENPH,53.52,2941627,2025-04-09T17:25:02Z,False,133800.00,,53.45,53.35,,L,1723,100,48302436213970,,,
2710,ENPH,53.4499,2935679,2025-04-09T17:25:02Z,False,144849.2290,,53.45,53.35,,L,1723,100,48302412820435,,,
2900,ENPH,52.89,2773543,2025-04-09T17:23:43Z,False,153381.00,,52.87,52.77,,L,1,4,48223335276590,,,
2300,ENPH,52.06,2719573,2025-04-09T17:21:59Z,False,119738.00,,52.20,52,,L,2,500,48119757522165,,,
2999,ENPH,52.295,2693831,2025-04-09T17:21:22Z,False,156832.705,,51.96,51.81,,L,352,200,48082798334912,,,
3001,ENPH,52.23,2690732,2025-04-09T17:21:22Z,False,156742.23,,51.96,51.81,,L,352,200,48082788769760,,,
1999,ENPH,51.3401,2657689,2025-04-09T17:20:20Z,False,102628.8599,,51.74,51.63,,L,132,1,48020676850355,,,
1978,ENPH,50.61,2499193,2025-04-09T17:06:39Z,False,100106.58,,50.67,50.58,,L,153,6,47199281853672,,,
1999,ENPH,50.7701,2487346,2025-04-09T17:05:27Z,False,101489.4299,,50.86,50.77,,L,126,301,47127245854015,,,
3000,ENPH,50.819,2480041,2025-04-09T17:04:53Z,False,152457.000,,50.84,50.78,,L,258,241,47093917511349,,,
3400,ENPH,50.33,2357498,2025-04-09T16:49:34Z,False,171122.00,,50.35,50.34,,L,3,200,46174400391465,,,
1999,ENPH,50.7701,2239423,2025-04-09T16:28:10Z,False,101489.4299,,50.85,50.77,,L,130,10,44890861272275,,,
2900,ENPH,50.5501,2125114,2025-04-09T16:16:33Z,False,146595.2900,,50.63,50.55,,L,246,101,44193604945476,,,
1999,ENPH,50.5866,2090890,2025-04-09T16:12:43Z,False,101122.6134,,50.64,50.53,,L,1,83,43963350387117,,,
2999,ENPH,49.809,1954517,2025-04-09T15:49:59Z,False,149377.191,,49.80,49.76,,L,1,400,42599050294093,,,
2999,ENPH,49.812,1947759,2025-04-09T15:49:34Z,False,149386.188,,49.93,49.82,,L,10,1,42574141515732,,,
2218,ENPH,49.20,1850919,2025-04-09T15:43:32Z,False,109125.60,,49.23,49.18,,L,135,178,42212340311429,,,
6691,ENPH,49.0888,1608079,2025-04-09T15:18:57Z,False,328453.1608,,49.07,48.99,,L,20,4,40737481845763,,,
4086,ENPH,48.371,1247982,2025-04-09T14:52:13Z,False,197643.906,,48.47,48.37,,L,180,332,39133919509844,,,
2500,ENPH,48.95,1170299,2025-04-09T14:43:13Z,False,122375.00,,49.01,48.89,,L,100,200,38593321928271,,,
3266,ENPH,49.1801,1055409,2025-04-09T14:33:28Z,False,160622.2066,,49.40,49.27,,L,80,102,38008128066805,,,
4250,ENPH,48.7501,1025872,2025-04-09T14:29:23Z,False,207187.9250,,48.89,48.83,,L,206,1,37763830410681,,,
2325,ENPH,48.5906,963525,2025-04-09T14:22:18Z,False,112973.1450,,48.70,48.59,,L,100,700,37338372195760,,,
7347,ENPH,49.06,748394,2025-04-09T14:01:53Z,False,360443.82,,49.15,49.10,,L,57,1,36113868111809,,,
19073,ENPH,49.01,713297,2025-04-09T14:01:18Z,False,934767.73,,49.17,49.01,,L,90,11,36078839301529,,,
7500,ENPH,48.7199,673158,2025-04-09T14:00:19Z,False,365399.2500,,48.72,48.65,,L,1,100,36019023000156,,,
3560,ENPH,48.72,662724,2025-04-09T14:00:11Z,False,173443.20,,48.86,48.72,,L,18,100,36011789099724,,,
4920,ENPH,48.80,657206,2025-04-09T14:00:10Z,False,240096.00,,48.76,48.57,,L,113,100,36010469549113,,,
24841,ENPH,49.005,527911,2025-04-09T13:51:32Z,False,1217333.205,,49.11,48.87,,L,100,50,35492295036134,,,
3000,ENPH,48.3109,459463,2025-04-09T13:49:01Z,False,144932.7000,,48.43,48.31,,L,1,300,35341046738071,,,
2500,ENPH,47.4801,243682,2025-04-09T13:37:45Z,False,118700.2500,,47.66,47.50,,L,112,3,34665729842839,,,
2500,ENPH,48.61,224829,2025-04-09T13:36:04Z,False,121525.00,,48.61,48.05,,L,272,400,34564996462503,,,
7200,ENPH,48.37,198283,2025-04-09T13:34:50Z,False,348264.00,,48.47,48.27,,L,80,50,34490426646201,,,
3721,ENPH,48.365,190893,2025-04-09T13:34:50Z,False,179966.165,,48.71,48.48,,L,480,20,34490356203946,,,
